name,pair,operations,sample,wall_ns,allocated_words
eta_signal.effect_seam.raw.depth_1,1,16777216,1,4.366882,0.000001
eta_signal.effect_seam.raw.depth_1,1,16777216,2,4.368971,0.000001
eta_signal.effect_seam.raw.depth_1,1,16777216,3,4.367706,0.000001
eta_signal.effect_seam.raw.depth_1,1,16777216,4,4.366157,0.000001
eta_signal.effect_seam.raw.depth_1,1,16777216,5,4.366044,0.000001
eta_signal.effect_seam.raw.depth_1,1,16777216,6,4.368900,0.000001
eta_signal.effect_seam.raw.depth_1,1,16777216,7,4.373845,0.000001
eta_signal.effect_seam.raw.depth_1,1,16777216,8,4.374144,0.000001
eta_signal.effect_seam.raw.depth_1,1,16777216,9,4.370861,0.000001
eta_signal.effect_seam.effect.depth_1,1,16777216,1,7.657817,10.000002
eta_signal.effect_seam.effect.depth_1,1,16777216,2,7.660091,10.000002
eta_signal.effect_seam.effect.depth_1,1,16777216,3,7.735309,10.000002
eta_signal.effect_seam.effect.depth_1,1,16777216,4,7.747360,10.000002
eta_signal.effect_seam.effect.depth_1,1,16777216,5,7.686978,10.000002
eta_signal.effect_seam.effect.depth_1,1,16777216,6,7.704855,10.000002
eta_signal.effect_seam.effect.depth_1,1,16777216,7,7.700919,10.000002
eta_signal.effect_seam.effect.depth_1,1,16777216,8,7.676832,10.000002
eta_signal.effect_seam.effect.depth_1,1,16777216,9,7.741036,10.000002
eta_signal.effect_seam.driver_sync.depth_1,1,8388608,1,116.014121,106.000004
eta_signal.effect_seam.driver_sync.depth_1,1,8388608,2,115.946904,106.000004
eta_signal.effect_seam.driver_sync.depth_1,1,8388608,3,116.367801,106.000004
eta_signal.effect_seam.driver_sync.depth_1,1,8388608,4,116.195679,106.000004
eta_signal.effect_seam.driver_sync.depth_1,1,8388608,5,115.863060,106.000004
eta_signal.effect_seam.driver_sync.depth_1,1,8388608,6,116.227142,106.000004
eta_signal.effect_seam.driver_sync.depth_1,1,8388608,7,115.750566,106.000004
eta_signal.effect_seam.driver_sync.depth_1,1,8388608,8,115.998489,106.000004
eta_signal.effect_seam.driver_sync.depth_1,1,8388608,9,116.015315,106.000004
eta_signal.effect_seam.public_sync.depth_1,1,2097152,1,244.724674,204.000018
eta_signal.effect_seam.public_sync.depth_1,1,2097152,2,245.108595,204.000018
eta_signal.effect_seam.public_sync.depth_1,1,2097152,3,247.571961,204.000018
eta_signal.effect_seam.public_sync.depth_1,1,2097152,4,243.714339,204.000018
eta_signal.effect_seam.public_sync.depth_1,1,2097152,5,248.360152,204.000018
eta_signal.effect_seam.public_sync.depth_1,1,2097152,6,242.545525,204.000018
eta_signal.effect_seam.public_sync.depth_1,1,2097152,7,242.174224,204.000018
eta_signal.effect_seam.public_sync.depth_1,1,2097152,8,242.512215,204.000018
eta_signal.effect_seam.public_sync.depth_1,1,2097152,9,242.396823,204.000018
eta_signal.effect_seam.public_eio.depth_1,1,1048576,1,656.055590,487.000065
eta_signal.effect_seam.public_eio.depth_1,1,1048576,2,656.988050,487.000065
eta_signal.effect_seam.public_eio.depth_1,1,1048576,3,655.470785,487.000065
eta_signal.effect_seam.public_eio.depth_1,1,1048576,4,664.029130,487.000065
eta_signal.effect_seam.public_eio.depth_1,1,1048576,5,679.674031,487.000065
eta_signal.effect_seam.public_eio.depth_1,1,1048576,6,667.303993,487.000065
eta_signal.effect_seam.public_eio.depth_1,1,1048576,7,674.941020,487.000065
eta_signal.effect_seam.public_eio.depth_1,1,1048576,8,662.980256,487.000065
eta_signal.effect_seam.public_eio.depth_1,1,1048576,9,660.624437,487.000065
eta_signal.effect_seam.raw.depth_10,1,16777216,1,12.100088,0.000001
eta_signal.effect_seam.raw.depth_10,1,16777216,2,12.096237,0.000001
eta_signal.effect_seam.raw.depth_10,1,16777216,3,12.085266,0.000001
eta_signal.effect_seam.raw.depth_10,1,16777216,4,12.129675,0.000001
eta_signal.effect_seam.raw.depth_10,1,16777216,5,12.177352,0.000001
eta_signal.effect_seam.raw.depth_10,1,16777216,6,12.121859,0.000001
eta_signal.effect_seam.raw.depth_10,1,16777216,7,12.113404,0.000001
eta_signal.effect_seam.raw.depth_10,1,16777216,8,12.151844,0.000001
eta_signal.effect_seam.raw.depth_10,1,16777216,9,12.087114,0.000001
eta_signal.effect_seam.effect.depth_10,1,16777216,1,14.980074,10.000002
eta_signal.effect_seam.effect.depth_10,1,16777216,2,14.970112,10.000002
eta_signal.effect_seam.effect.depth_10,1,16777216,3,14.975242,10.000002
eta_signal.effect_seam.effect.depth_10,1,16777216,4,15.127242,10.000002
eta_signal.effect_seam.effect.depth_10,1,16777216,5,14.987592,10.000002
eta_signal.effect_seam.effect.depth_10,1,16777216,6,14.980557,10.000002
eta_signal.effect_seam.effect.depth_10,1,16777216,7,15.012802,10.000002
eta_signal.effect_seam.effect.depth_10,1,16777216,8,14.954395,10.000002
eta_signal.effect_seam.effect.depth_10,1,16777216,9,15.637696,10.000002
eta_signal.effect_seam.driver_sync.depth_10,1,4194304,1,125.264876,106.000009
eta_signal.effect_seam.driver_sync.depth_10,1,4194304,2,125.489009,106.000009
eta_signal.effect_seam.driver_sync.depth_10,1,4194304,3,125.340478,106.000009
eta_signal.effect_seam.driver_sync.depth_10,1,4194304,4,125.008569,106.000009
eta_signal.effect_seam.driver_sync.depth_10,1,4194304,5,125.898111,106.000009
eta_signal.effect_seam.driver_sync.depth_10,1,4194304,6,125.126348,106.000009
eta_signal.effect_seam.driver_sync.depth_10,1,4194304,7,125.470194,106.000009
eta_signal.effect_seam.driver_sync.depth_10,1,4194304,8,147.532944,106.000009
eta_signal.effect_seam.driver_sync.depth_10,1,4194304,9,189.727984,106.000009
eta_signal.effect_seam.public_sync.depth_10,1,2097152,1,390.707442,204.000018
eta_signal.effect_seam.public_sync.depth_10,1,2097152,2,292.232471,204.000018
eta_signal.effect_seam.public_sync.depth_10,1,2097152,3,301.793534,204.000018
eta_signal.effect_seam.public_sync.depth_10,1,2097152,4,298.434657,204.000018
eta_signal.effect_seam.public_sync.depth_10,1,2097152,5,286.054046,204.000018
eta_signal.effect_seam.public_sync.depth_10,1,2097152,6,278.335619,204.000018
eta_signal.effect_seam.public_sync.depth_10,1,2097152,7,250.724383,204.000018
eta_signal.effect_seam.public_sync.depth_10,1,2097152,8,257.205897,204.000018
eta_signal.effect_seam.public_sync.depth_10,1,2097152,9,257.877332,204.000018
eta_signal.effect_seam.public_eio.depth_10,1,1048576,1,671.504040,487.000065
eta_signal.effect_seam.public_eio.depth_10,1,1048576,2,671.540192,487.000065
eta_signal.effect_seam.public_eio.depth_10,1,1048576,3,672.047690,487.000065
eta_signal.effect_seam.public_eio.depth_10,1,1048576,4,673.278691,487.000065
eta_signal.effect_seam.public_eio.depth_10,1,1048576,5,674.623607,487.000065
eta_signal.effect_seam.public_eio.depth_10,1,1048576,6,678.275001,487.000065
eta_signal.effect_seam.public_eio.depth_10,1,1048576,7,674.135208,487.000065
eta_signal.effect_seam.public_eio.depth_10,1,1048576,8,673.790055,487.000065
eta_signal.effect_seam.public_eio.depth_10,1,1048576,9,678.865490,487.000065
eta_signal.effect_seam.raw.depth_100,1,8388608,1,100.498056,0.000001
eta_signal.effect_seam.raw.depth_100,1,8388608,2,100.563057,0.000001
eta_signal.effect_seam.raw.depth_100,1,8388608,3,100.346199,0.000001
eta_signal.effect_seam.raw.depth_100,1,8388608,4,100.359813,0.000001
eta_signal.effect_seam.raw.depth_100,1,8388608,5,100.305073,0.000001
eta_signal.effect_seam.raw.depth_100,1,8388608,6,100.341424,0.000001
eta_signal.effect_seam.raw.depth_100,1,8388608,7,100.309364,0.000001
eta_signal.effect_seam.raw.depth_100,1,8388608,8,100.345261,0.000001
eta_signal.effect_seam.raw.depth_100,1,8388608,9,100.201731,0.000001
eta_signal.effect_seam.effect.depth_100,1,8388608,1,103.292820,10.000004
eta_signal.effect_seam.effect.depth_100,1,8388608,2,103.200449,10.000004
eta_signal.effect_seam.effect.depth_100,1,8388608,3,103.180071,10.000004
eta_signal.effect_seam.effect.depth_100,1,8388608,4,103.176944,10.000004
eta_signal.effect_seam.effect.depth_100,1,8388608,5,103.095402,10.000004
eta_signal.effect_seam.effect.depth_100,1,8388608,6,103.164439,10.000004
eta_signal.effect_seam.effect.depth_100,1,8388608,7,103.144060,10.000004
eta_signal.effect_seam.effect.depth_100,1,8388608,8,103.216763,10.000004
eta_signal.effect_seam.effect.depth_100,1,8388608,9,103.154917,10.000004
eta_signal.effect_seam.driver_sync.depth_100,1,4194304,1,229.962325,106.000009
eta_signal.effect_seam.driver_sync.depth_100,1,4194304,2,229.949478,106.000009
eta_signal.effect_seam.driver_sync.depth_100,1,4194304,3,226.129316,106.000009
eta_signal.effect_seam.driver_sync.depth_100,1,4194304,4,227.530052,106.000009
eta_signal.effect_seam.driver_sync.depth_100,1,4194304,5,227.395276,106.000009
eta_signal.effect_seam.driver_sync.depth_100,1,4194304,6,227.095370,106.000009
eta_signal.effect_seam.driver_sync.depth_100,1,4194304,7,227.753901,106.000009
eta_signal.effect_seam.driver_sync.depth_100,1,4194304,8,227.606790,106.000009
eta_signal.effect_seam.driver_sync.depth_100,1,4194304,9,231.890226,106.000009
eta_signal.effect_seam.public_sync.depth_100,1,2097152,1,360.264380,204.000018
eta_signal.effect_seam.public_sync.depth_100,1,2097152,2,358.930038,204.000018
eta_signal.effect_seam.public_sync.depth_100,1,2097152,3,359.703108,204.000018
eta_signal.effect_seam.public_sync.depth_100,1,2097152,4,359.164687,204.000018
eta_signal.effect_seam.public_sync.depth_100,1,2097152,5,360.717763,204.000018
eta_signal.effect_seam.public_sync.depth_100,1,2097152,6,360.168997,204.000018
eta_signal.effect_seam.public_sync.depth_100,1,2097152,7,360.740160,204.000018
eta_signal.effect_seam.public_sync.depth_100,1,2097152,8,360.805984,204.000018
eta_signal.effect_seam.public_sync.depth_100,1,2097152,9,360.545641,204.000018
eta_signal.effect_seam.public_eio.depth_100,1,1048576,1,771.700797,487.000065
eta_signal.effect_seam.public_eio.depth_100,1,1048576,2,769.462758,487.000065
eta_signal.effect_seam.public_eio.depth_100,1,1048576,3,769.222424,487.000065
eta_signal.effect_seam.public_eio.depth_100,1,1048576,4,769.737198,487.000065
eta_signal.effect_seam.public_eio.depth_100,1,1048576,5,771.220130,487.000065
eta_signal.effect_seam.public_eio.depth_100,1,1048576,6,771.140094,487.000065
eta_signal.effect_seam.public_eio.depth_100,1,1048576,7,773.964985,487.000065
eta_signal.effect_seam.public_eio.depth_100,1,1048576,8,775.789204,487.000065
eta_signal.effect_seam.public_eio.depth_100,1,1048576,9,774.877435,487.000065
eta_signal.effect_seam.deep_claim_sync.depth_1,1,8388608,1,118.482234,106.000004
eta_signal.effect_seam.deep_claim_sync.depth_1,1,8388608,2,118.523019,106.000004
eta_signal.effect_seam.deep_claim_sync.depth_1,1,8388608,3,118.477828,106.000004
eta_signal.effect_seam.deep_claim_sync.depth_1,1,8388608,4,118.735784,106.000004
eta_signal.effect_seam.deep_claim_sync.depth_1,1,8388608,5,118.587991,106.000004
eta_signal.effect_seam.deep_claim_sync.depth_1,1,8388608,6,118.625394,106.000004
eta_signal.effect_seam.deep_claim_sync.depth_1,1,8388608,7,118.464953,106.000004
eta_signal.effect_seam.deep_claim_sync.depth_1,1,8388608,8,118.638297,106.000004
eta_signal.effect_seam.deep_claim_sync.depth_1,1,8388608,9,118.531943,106.000004
eta_signal.effect_seam.cursor_sync.depth_1,1,2097152,1,411.536689,346.000018
eta_signal.effect_seam.cursor_sync.depth_1,1,2097152,2,413.106932,346.000018
eta_signal.effect_seam.cursor_sync.depth_1,1,2097152,3,413.593284,346.000018
eta_signal.effect_seam.cursor_sync.depth_1,1,2097152,4,411.604901,346.000018
eta_signal.effect_seam.cursor_sync.depth_1,1,2097152,5,408.729534,346.000018
eta_signal.effect_seam.cursor_sync.depth_1,1,2097152,6,410.894927,346.000018
eta_signal.effect_seam.cursor_sync.depth_1,1,2097152,7,407.590846,346.000018
eta_signal.effect_seam.cursor_sync.depth_1,1,2097152,8,407.329594,346.000018
eta_signal.effect_seam.cursor_sync.depth_1,1,2097152,9,413.744942,346.000018
eta_signal.effect_seam.edge.candidate_cancelled_contender,1,262144,1,2223.777301,1509.000038
eta_signal.effect_seam.edge.candidate_cancelled_contender,1,262144,2,2227.406185,1509.000038
eta_signal.effect_seam.edge.candidate_cancelled_contender,1,262144,3,2228.553967,1509.000038
eta_signal.effect_seam.edge.candidate_cancelled_contender,1,262144,4,2237.041372,1509.000038
eta_signal.effect_seam.edge.candidate_cancelled_contender,1,262144,5,2242.878509,1509.000038
eta_signal.effect_seam.edge.candidate_cancelled_contender,1,262144,6,2239.586138,1509.000038
eta_signal.effect_seam.edge.candidate_cancelled_contender,1,262144,7,2232.563020,1509.000038
eta_signal.effect_seam.edge.candidate_cancelled_contender,1,262144,8,2239.173227,1509.000038
eta_signal.effect_seam.edge.candidate_cancelled_contender,1,262144,9,2242.122719,1509.000038
eta_signal.effect_seam.edge.reference_cancelled_contender,1,65536,1,8810.653526,6911.000153
eta_signal.effect_seam.edge.reference_cancelled_contender,1,65536,2,8804.501704,6911.000153
eta_signal.effect_seam.edge.reference_cancelled_contender,1,65536,3,8817.656635,6911.000153
eta_signal.effect_seam.edge.reference_cancelled_contender,1,65536,4,8822.738891,6911.000153
eta_signal.effect_seam.edge.reference_cancelled_contender,1,65536,5,8833.038009,6911.000153
eta_signal.effect_seam.edge.reference_cancelled_contender,1,65536,6,8829.512808,6911.000153
eta_signal.effect_seam.edge.reference_cancelled_contender,1,65536,7,8855.924534,6911.000153
eta_signal.effect_seam.edge.reference_cancelled_contender,1,65536,8,8847.946447,6911.000153
eta_signal.effect_seam.edge.reference_cancelled_contender,1,65536,9,8841.583622,6911.000153
eta_signal.effect_seam.raw.depth_1,2,16777216,1,4.344699,0.000001
eta_signal.effect_seam.raw.depth_1,2,16777216,2,4.352145,0.000001
eta_signal.effect_seam.raw.depth_1,2,16777216,3,4.350071,0.000001
eta_signal.effect_seam.raw.depth_1,2,16777216,4,4.352927,0.000001
eta_signal.effect_seam.raw.depth_1,2,16777216,5,4.351733,0.000001
eta_signal.effect_seam.raw.depth_1,2,16777216,6,4.349829,0.000001
eta_signal.effect_seam.raw.depth_1,2,16777216,7,4.348877,0.000001
eta_signal.effect_seam.raw.depth_1,2,16777216,8,4.346731,0.000001
eta_signal.effect_seam.raw.depth_1,2,16777216,9,4.345594,0.000001
eta_signal.effect_seam.effect.depth_1,2,16777216,1,8.037389,10.000002
eta_signal.effect_seam.effect.depth_1,2,16777216,2,8.034831,10.000002
eta_signal.effect_seam.effect.depth_1,2,16777216,3,8.031421,10.000002
eta_signal.effect_seam.effect.depth_1,2,16777216,4,8.039123,10.000002
eta_signal.effect_seam.effect.depth_1,2,16777216,5,8.048829,10.000002
eta_signal.effect_seam.effect.depth_1,2,16777216,6,8.030824,10.000002
eta_signal.effect_seam.effect.depth_1,2,16777216,7,8.078871,10.000002
eta_signal.effect_seam.effect.depth_1,2,16777216,8,8.120296,10.000002
eta_signal.effect_seam.effect.depth_1,2,16777216,9,8.128467,10.000002
eta_signal.effect_seam.driver_sync.depth_1,2,8388608,1,117.417812,106.000004
eta_signal.effect_seam.driver_sync.depth_1,2,8388608,2,117.399452,106.000004
eta_signal.effect_seam.driver_sync.depth_1,2,8388608,3,117.367989,106.000004
eta_signal.effect_seam.driver_sync.depth_1,2,8388608,4,117.345706,106.000004
eta_signal.effect_seam.driver_sync.depth_1,2,8388608,5,117.334622,106.000004
eta_signal.effect_seam.driver_sync.depth_1,2,8388608,6,117.506971,106.000004
eta_signal.effect_seam.driver_sync.depth_1,2,8388608,7,117.293951,106.000004
eta_signal.effect_seam.driver_sync.depth_1,2,8388608,8,117.432364,106.000004
eta_signal.effect_seam.driver_sync.depth_1,2,8388608,9,117.214682,106.000004
eta_signal.effect_seam.public_sync.depth_1,2,2097152,1,250.589892,204.000018
eta_signal.effect_seam.public_sync.depth_1,2,2097152,2,250.702897,204.000018
eta_signal.effect_seam.public_sync.depth_1,2,2097152,3,250.342396,204.000018
eta_signal.effect_seam.public_sync.depth_1,2,2097152,4,250.622747,204.000018
eta_signal.effect_seam.public_sync.depth_1,2,2097152,5,250.729045,204.000018
eta_signal.effect_seam.public_sync.depth_1,2,2097152,6,250.578410,204.000018
eta_signal.effect_seam.public_sync.depth_1,2,2097152,7,250.779181,204.000018
eta_signal.effect_seam.public_sync.depth_1,2,2097152,8,251.408551,204.000018
eta_signal.effect_seam.public_sync.depth_1,2,2097152,9,251.784400,204.000018
eta_signal.effect_seam.public_eio.depth_1,2,1048576,1,657.097644,487.000065
eta_signal.effect_seam.public_eio.depth_1,2,1048576,2,653.483312,487.000065
eta_signal.effect_seam.public_eio.depth_1,2,1048576,3,652.327572,487.000065
eta_signal.effect_seam.public_eio.depth_1,2,1048576,4,652.402832,487.000065
eta_signal.effect_seam.public_eio.depth_1,2,1048576,5,653.966936,487.000065
eta_signal.effect_seam.public_eio.depth_1,2,1048576,6,653.697043,487.000065
eta_signal.effect_seam.public_eio.depth_1,2,1048576,7,651.997652,487.000065
eta_signal.effect_seam.public_eio.depth_1,2,1048576,8,652.797553,487.000065
eta_signal.effect_seam.public_eio.depth_1,2,1048576,9,651.903065,487.000065
eta_signal.effect_seam.raw.depth_10,2,16777216,1,12.021189,0.000001
eta_signal.effect_seam.raw.depth_10,2,16777216,2,12.007121,0.000001
eta_signal.effect_seam.raw.depth_10,2,16777216,3,11.993350,0.000001
eta_signal.effect_seam.raw.depth_10,2,16777216,4,11.993933,0.000001
eta_signal.effect_seam.raw.depth_10,2,16777216,5,12.062259,0.000001
eta_signal.effect_seam.raw.depth_10,2,16777216,6,12.013857,0.000001
eta_signal.effect_seam.raw.depth_10,2,16777216,7,12.050208,0.000001
eta_signal.effect_seam.raw.depth_10,2,16777216,8,12.097729,0.000001
eta_signal.effect_seam.raw.depth_10,2,16777216,9,12.063623,0.000001
eta_signal.effect_seam.effect.depth_10,2,16777216,1,14.967554,10.000002
eta_signal.effect_seam.effect.depth_10,2,16777216,2,14.998861,10.000002
eta_signal.effect_seam.effect.depth_10,2,16777216,3,14.997653,10.000002
eta_signal.effect_seam.effect.depth_10,2,16777216,4,14.991514,10.000002
eta_signal.effect_seam.effect.depth_10,2,16777216,5,14.988302,10.000002
eta_signal.effect_seam.effect.depth_10,2,16777216,6,14.992182,10.000002
eta_signal.effect_seam.effect.depth_10,2,16777216,7,14.988473,10.000002
eta_signal.effect_seam.effect.depth_10,2,16777216,8,14.987592,10.000002
eta_signal.effect_seam.effect.depth_10,2,16777216,9,14.986398,10.000002
eta_signal.effect_seam.driver_sync.depth_10,2,4194304,1,132.113712,106.000009
eta_signal.effect_seam.driver_sync.depth_10,2,4194304,2,131.921979,106.000009
eta_signal.effect_seam.driver_sync.depth_10,2,4194304,3,131.896968,106.000009
eta_signal.effect_seam.driver_sync.depth_10,2,4194304,4,131.140496,106.000009
eta_signal.effect_seam.driver_sync.depth_10,2,4194304,5,132.102514,106.000009
eta_signal.effect_seam.driver_sync.depth_10,2,4194304,6,131.792490,106.000009
eta_signal.effect_seam.driver_sync.depth_10,2,4194304,7,132.064088,106.000009
eta_signal.effect_seam.driver_sync.depth_10,2,4194304,8,132.001674,106.000009
eta_signal.effect_seam.driver_sync.depth_10,2,4194304,9,132.210062,106.000009
eta_signal.effect_seam.public_sync.depth_10,2,2097152,1,262.163212,204.000018
eta_signal.effect_seam.public_sync.depth_10,2,2097152,2,262.259050,204.000018
eta_signal.effect_seam.public_sync.depth_10,2,2097152,3,261.918558,204.000018
eta_signal.effect_seam.public_sync.depth_10,2,2097152,4,262.746880,204.000018
eta_signal.effect_seam.public_sync.depth_10,2,2097152,5,262.867047,204.000018
eta_signal.effect_seam.public_sync.depth_10,2,2097152,6,262.734943,204.000018
eta_signal.effect_seam.public_sync.depth_10,2,2097152,7,262.439812,204.000018
eta_signal.effect_seam.public_sync.depth_10,2,2097152,8,262.472668,204.000018
eta_signal.effect_seam.public_sync.depth_10,2,2097152,9,261.996320,204.000018
eta_signal.effect_seam.public_eio.depth_10,2,1048576,1,672.576789,487.000065
eta_signal.effect_seam.public_eio.depth_10,2,1048576,2,674.540615,487.000065
eta_signal.effect_seam.public_eio.depth_10,2,1048576,3,672.960368,487.000065
eta_signal.effect_seam.public_eio.depth_10,2,1048576,4,673.661134,487.000065
eta_signal.effect_seam.public_eio.depth_10,2,1048576,5,675.252068,487.000065
eta_signal.effect_seam.public_eio.depth_10,2,1048576,6,673.664090,487.000065
eta_signal.effect_seam.public_eio.depth_10,2,1048576,7,674.002649,487.000065
eta_signal.effect_seam.public_eio.depth_10,2,1048576,8,673.177738,487.000065
eta_signal.effect_seam.public_eio.depth_10,2,1048576,9,676.130412,487.000065
eta_signal.effect_seam.raw.depth_100,2,8388608,1,99.495054,0.000001
eta_signal.effect_seam.raw.depth_100,2,8388608,2,99.548458,0.000001
eta_signal.effect_seam.raw.depth_100,2,8388608,3,99.550590,0.000001
eta_signal.effect_seam.raw.depth_100,2,8388608,4,99.481355,0.000001
eta_signal.effect_seam.raw.depth_100,2,8388608,5,99.462994,0.000001
eta_signal.effect_seam.raw.depth_100,2,8388608,6,99.433663,0.000001
eta_signal.effect_seam.raw.depth_100,2,8388608,7,99.388245,0.000001
eta_signal.effect_seam.raw.depth_100,2,8388608,8,99.464870,0.000001
eta_signal.effect_seam.raw.depth_100,2,8388608,9,99.483003,0.000001
eta_signal.effect_seam.effect.depth_100,2,8388608,1,102.787510,10.000004
eta_signal.effect_seam.effect.depth_100,2,8388608,2,102.765199,10.000004
eta_signal.effect_seam.effect.depth_100,2,8388608,3,102.866181,10.000004
eta_signal.effect_seam.effect.depth_100,2,8388608,4,102.776880,10.000004
eta_signal.effect_seam.effect.depth_100,2,8388608,5,102.803000,10.000004
eta_signal.effect_seam.effect.depth_100,2,8388608,6,102.742689,10.000004
eta_signal.effect_seam.effect.depth_100,2,8388608,7,102.786657,10.000004
eta_signal.effect_seam.effect.depth_100,2,8388608,8,102.714040,10.000004
eta_signal.effect_seam.effect.depth_100,2,8388608,9,102.869137,10.000004
eta_signal.effect_seam.driver_sync.depth_100,2,4194304,1,227.425573,106.000009
eta_signal.effect_seam.driver_sync.depth_100,2,4194304,2,227.451551,106.000009
eta_signal.effect_seam.driver_sync.depth_100,2,4194304,3,227.076100,106.000009
eta_signal.effect_seam.driver_sync.depth_100,2,4194304,4,227.375494,106.000009
eta_signal.effect_seam.driver_sync.depth_100,2,4194304,5,227.148519,106.000009
eta_signal.effect_seam.driver_sync.depth_100,2,4194304,6,227.264593,106.000009
eta_signal.effect_seam.driver_sync.depth_100,2,4194304,7,227.199337,106.000009
eta_signal.effect_seam.driver_sync.depth_100,2,4194304,8,227.335477,106.000009
eta_signal.effect_seam.driver_sync.depth_100,2,4194304,9,226.943712,106.000009
eta_signal.effect_seam.public_sync.depth_100,2,2097152,1,356.300916,204.000018
eta_signal.effect_seam.public_sync.depth_100,2,2097152,2,356.138230,204.000018
eta_signal.effect_seam.public_sync.depth_100,2,2097152,3,357.816702,204.000018
eta_signal.effect_seam.public_sync.depth_100,2,2097152,4,357.562499,204.000018
eta_signal.effect_seam.public_sync.depth_100,2,2097152,5,356.974169,204.000018
eta_signal.effect_seam.public_sync.depth_100,2,2097152,6,357.789531,204.000018
eta_signal.effect_seam.public_sync.depth_100,2,2097152,7,359.823730,204.000018
eta_signal.effect_seam.public_sync.depth_100,2,2097152,8,359.575210,204.000018
eta_signal.effect_seam.public_sync.depth_100,2,2097152,9,359.668206,204.000018
eta_signal.effect_seam.public_eio.depth_100,2,1048576,1,765.934146,487.000065
eta_signal.effect_seam.public_eio.depth_100,2,1048576,2,766.334551,487.000065
eta_signal.effect_seam.public_eio.depth_100,2,1048576,3,767.455276,487.000065
eta_signal.effect_seam.public_eio.depth_100,2,1048576,4,768.159907,487.000065
eta_signal.effect_seam.public_eio.depth_100,2,1048576,5,767.252004,487.000065
eta_signal.effect_seam.public_eio.depth_100,2,1048576,6,769.360668,487.000065
eta_signal.effect_seam.public_eio.depth_100,2,1048576,7,769.962298,487.000065
eta_signal.effect_seam.public_eio.depth_100,2,1048576,8,769.279495,487.000065
eta_signal.effect_seam.public_eio.depth_100,2,1048576,9,770.252200,487.000065
eta_signal.effect_seam.deep_claim_sync.depth_1,2,8388608,1,118.725183,106.000004
eta_signal.effect_seam.deep_claim_sync.depth_1,2,8388608,2,118.727570,106.000004
eta_signal.effect_seam.deep_claim_sync.depth_1,2,8388608,3,118.525406,106.000004
eta_signal.effect_seam.deep_claim_sync.depth_1,2,8388608,4,118.574633,106.000004
eta_signal.effect_seam.deep_claim_sync.depth_1,2,8388608,5,118.517420,106.000004
eta_signal.effect_seam.deep_claim_sync.depth_1,2,8388608,6,118.510144,106.000004
eta_signal.effect_seam.deep_claim_sync.depth_1,2,8388608,7,118.666179,106.000004
eta_signal.effect_seam.deep_claim_sync.depth_1,2,8388608,8,118.592396,106.000004
eta_signal.effect_seam.deep_claim_sync.depth_1,2,8388608,9,118.514549,106.000004
eta_signal.effect_seam.cursor_sync.depth_1,2,2097152,1,407.194534,346.000018
eta_signal.effect_seam.cursor_sync.depth_1,2,2097152,2,406.954314,346.000018
eta_signal.effect_seam.cursor_sync.depth_1,2,2097152,3,407.223752,346.000018
eta_signal.effect_seam.cursor_sync.depth_1,2,2097152,4,406.979552,346.000018
eta_signal.effect_seam.cursor_sync.depth_1,2,2097152,5,407.443054,346.000018
eta_signal.effect_seam.cursor_sync.depth_1,2,2097152,6,407.762968,346.000018
eta_signal.effect_seam.cursor_sync.depth_1,2,2097152,7,407.515472,346.000018
eta_signal.effect_seam.cursor_sync.depth_1,2,2097152,8,407.261382,346.000018
eta_signal.effect_seam.cursor_sync.depth_1,2,2097152,9,407.011953,346.000018
eta_signal.effect_seam.edge.candidate_cancelled_contender,2,262144,1,2175.628651,1509.000038
eta_signal.effect_seam.edge.candidate_cancelled_contender,2,262144,2,2177.883289,1509.000038
eta_signal.effect_seam.edge.candidate_cancelled_contender,2,262144,3,2173.759640,1509.000038
eta_signal.effect_seam.edge.candidate_cancelled_contender,2,262144,4,2174.282599,1509.000038
eta_signal.effect_seam.edge.candidate_cancelled_contender,2,262144,5,2173.545909,1509.000038
eta_signal.effect_seam.edge.candidate_cancelled_contender,2,262144,6,2174.812835,1509.000038
eta_signal.effect_seam.edge.candidate_cancelled_contender,2,262144,7,2174.507244,1509.000038
eta_signal.effect_seam.edge.candidate_cancelled_contender,2,262144,8,2176.188900,1509.000038
eta_signal.effect_seam.edge.candidate_cancelled_contender,2,262144,9,2171.501365,1509.000038
eta_signal.effect_seam.edge.reference_cancelled_contender,2,65536,1,8672.224794,6911.000153
eta_signal.effect_seam.edge.reference_cancelled_contender,2,65536,2,8687.682566,6911.000153
eta_signal.effect_seam.edge.reference_cancelled_contender,2,65536,3,8687.224181,6911.000153
eta_signal.effect_seam.edge.reference_cancelled_contender,2,65536,4,8688.675734,6911.000153
eta_signal.effect_seam.edge.reference_cancelled_contender,2,65536,5,8705.719665,6911.000153
eta_signal.effect_seam.edge.reference_cancelled_contender,2,65536,6,8710.601833,6911.000153
eta_signal.effect_seam.edge.reference_cancelled_contender,2,65536,7,8716.644516,6911.000153
eta_signal.effect_seam.edge.reference_cancelled_contender,2,65536,8,8707.796951,6911.000153
eta_signal.effect_seam.edge.reference_cancelled_contender,2,65536,9,8688.781236,6911.000153
eta_signal.effect_seam.raw.depth_1,3,16777216,1,4.347498,0.000001
eta_signal.effect_seam.raw.depth_1,3,16777216,2,4.342851,0.000001
eta_signal.effect_seam.raw.depth_1,3,16777216,3,4.344287,0.000001
eta_signal.effect_seam.raw.depth_1,3,16777216,4,4.342013,0.000001
eta_signal.effect_seam.raw.depth_1,3,16777216,5,4.342255,0.000001
eta_signal.effect_seam.raw.depth_1,3,16777216,6,4.340706,0.000001
eta_signal.effect_seam.raw.depth_1,3,16777216,7,4.342610,0.000001
eta_signal.effect_seam.raw.depth_1,3,16777216,8,4.342198,0.000001
eta_signal.effect_seam.raw.depth_1,3,16777216,9,4.342795,0.000001
eta_signal.effect_seam.effect.depth_1,3,16777216,1,7.953759,10.000002
eta_signal.effect_seam.effect.depth_1,3,16777216,2,7.945417,10.000002
eta_signal.effect_seam.effect.depth_1,3,16777216,3,7.941495,10.000002
eta_signal.effect_seam.effect.depth_1,3,16777216,4,7.936720,10.000002
eta_signal.effect_seam.effect.depth_1,3,16777216,5,7.940770,10.000002
eta_signal.effect_seam.effect.depth_1,3,16777216,6,7.958235,10.000002
eta_signal.effect_seam.effect.depth_1,3,16777216,7,7.949950,10.000002
eta_signal.effect_seam.effect.depth_1,3,16777216,8,7.951385,10.000002
eta_signal.effect_seam.effect.depth_1,3,16777216,9,7.958832,10.000002
eta_signal.effect_seam.driver_sync.depth_1,3,8388608,1,117.042077,106.000004
eta_signal.effect_seam.driver_sync.depth_1,3,8388608,2,116.832155,106.000004
eta_signal.effect_seam.driver_sync.depth_1,3,8388608,3,116.938821,106.000004
eta_signal.effect_seam.driver_sync.depth_1,3,8388608,4,116.955874,106.000004
eta_signal.effect_seam.driver_sync.depth_1,3,8388608,5,116.829398,106.000004
eta_signal.effect_seam.driver_sync.depth_1,3,8388608,6,117.002145,106.000004
eta_signal.effect_seam.driver_sync.depth_1,3,8388608,7,117.049581,106.000004
eta_signal.effect_seam.driver_sync.depth_1,3,8388608,8,117.150421,106.000004
eta_signal.effect_seam.driver_sync.depth_1,3,8388608,9,117.167133,106.000004
eta_signal.effect_seam.public_sync.depth_1,3,2097152,1,258.562181,204.000018
eta_signal.effect_seam.public_sync.depth_1,3,2097152,2,256.492172,204.000018
eta_signal.effect_seam.public_sync.depth_1,3,2097152,3,256.606086,204.000018
eta_signal.effect_seam.public_sync.depth_1,3,2097152,4,256.611429,204.000018
eta_signal.effect_seam.public_sync.depth_1,3,2097152,5,257.107786,204.000018
eta_signal.effect_seam.public_sync.depth_1,3,2097152,6,256.874614,204.000018
eta_signal.effect_seam.public_sync.depth_1,3,2097152,7,255.193186,204.000018
eta_signal.effect_seam.public_sync.depth_1,3,2097152,8,256.655198,204.000018
eta_signal.effect_seam.public_sync.depth_1,3,2097152,9,252.384666,204.000018
eta_signal.effect_seam.public_eio.depth_1,3,1048576,1,653.760026,487.000065
eta_signal.effect_seam.public_eio.depth_1,3,1048576,2,654.398946,487.000065
eta_signal.effect_seam.public_eio.depth_1,3,1048576,3,654.155656,487.000065
eta_signal.effect_seam.public_eio.depth_1,3,1048576,4,652.282552,487.000065
eta_signal.effect_seam.public_eio.depth_1,3,1048576,5,653.391908,487.000065
eta_signal.effect_seam.public_eio.depth_1,3,1048576,6,653.306870,487.000065
eta_signal.effect_seam.public_eio.depth_1,3,1048576,7,653.180905,487.000065
eta_signal.effect_seam.public_eio.depth_1,3,1048576,8,653.812322,487.000065
eta_signal.effect_seam.public_eio.depth_1,3,1048576,9,654.145197,487.000065
eta_signal.effect_seam.raw.depth_10,3,16777216,1,11.983218,0.000001
eta_signal.effect_seam.raw.depth_10,3,16777216,2,12.045973,0.000001
eta_signal.effect_seam.raw.depth_10,3,16777216,3,12.025467,0.000001
eta_signal.effect_seam.raw.depth_10,3,16777216,4,12.021246,0.000001
eta_signal.effect_seam.raw.depth_10,3,16777216,5,11.991503,0.000001
eta_signal.effect_seam.raw.depth_10,3,16777216,6,12.015278,0.000001
eta_signal.effect_seam.raw.depth_10,3,16777216,7,12.013544,0.000001
eta_signal.effect_seam.raw.depth_10,3,16777216,8,12.042520,0.000001
eta_signal.effect_seam.raw.depth_10,3,16777216,9,12.005458,0.000001
eta_signal.effect_seam.effect.depth_10,3,16777216,1,14.887092,10.000002
eta_signal.effect_seam.effect.depth_10,3,16777216,2,14.873450,10.000002
eta_signal.effect_seam.effect.depth_10,3,16777216,3,14.864980,10.000002
eta_signal.effect_seam.effect.depth_10,3,16777216,4,14.874871,10.000002
eta_signal.effect_seam.effect.depth_10,3,16777216,5,14.872072,10.000002
eta_signal.effect_seam.effect.depth_10,3,16777216,6,14.879234,10.000002
eta_signal.effect_seam.effect.depth_10,3,16777216,7,14.900621,10.000002
eta_signal.effect_seam.effect.depth_10,3,16777216,8,14.874644,10.000002
eta_signal.effect_seam.effect.depth_10,3,16777216,9,14.895079,10.000002
eta_signal.effect_seam.driver_sync.depth_10,3,4194304,1,126.657255,106.000009
eta_signal.effect_seam.driver_sync.depth_10,3,4194304,2,126.357065,106.000009
eta_signal.effect_seam.driver_sync.depth_10,3,4194304,3,126.452449,106.000009
eta_signal.effect_seam.driver_sync.depth_10,3,4194304,4,126.437669,106.000009
eta_signal.effect_seam.driver_sync.depth_10,3,4194304,5,126.651059,106.000009
eta_signal.effect_seam.driver_sync.depth_10,3,4194304,6,126.515147,106.000009
eta_signal.effect_seam.driver_sync.depth_10,3,4194304,7,126.431985,106.000009
eta_signal.effect_seam.driver_sync.depth_10,3,4194304,8,126.419309,106.000009
eta_signal.effect_seam.driver_sync.depth_10,3,4194304,9,126.508439,106.000009
eta_signal.effect_seam.public_sync.depth_10,3,2097152,1,256.388148,204.000018
eta_signal.effect_seam.public_sync.depth_10,3,2097152,2,257.304123,204.000018
eta_signal.effect_seam.public_sync.depth_10,3,2097152,3,257.924512,204.000018
eta_signal.effect_seam.public_sync.depth_10,3,2097152,4,258.075715,204.000018
eta_signal.effect_seam.public_sync.depth_10,3,2097152,5,257.540250,204.000018
eta_signal.effect_seam.public_sync.depth_10,3,2097152,6,257.769670,204.000018
eta_signal.effect_seam.public_sync.depth_10,3,2097152,7,257.970328,204.000018
eta_signal.effect_seam.public_sync.depth_10,3,2097152,8,258.178147,204.000018
eta_signal.effect_seam.public_sync.depth_10,3,2097152,9,257.786269,204.000018
eta_signal.effect_seam.public_eio.depth_10,3,1048576,1,673.407385,487.000065
eta_signal.effect_seam.public_eio.depth_10,3,1048576,2,676.073114,487.000065
eta_signal.effect_seam.public_eio.depth_10,3,1048576,3,675.206138,487.000065
eta_signal.effect_seam.public_eio.depth_10,3,1048576,4,674.868716,487.000065
eta_signal.effect_seam.public_eio.depth_10,3,1048576,5,675.400543,487.000065
eta_signal.effect_seam.public_eio.depth_10,3,1048576,6,674.409876,487.000065
eta_signal.effect_seam.public_eio.depth_10,3,1048576,7,675.406454,487.000065
eta_signal.effect_seam.public_eio.depth_10,3,1048576,8,674.701823,487.000065
eta_signal.effect_seam.public_eio.depth_10,3,1048576,9,674.961029,487.000065
eta_signal.effect_seam.raw.depth_100,3,8388608,1,99.015239,0.000001
eta_signal.effect_seam.raw.depth_100,3,8388608,2,98.946572,0.000001
eta_signal.effect_seam.raw.depth_100,3,8388608,3,99.016432,0.000001
eta_signal.effect_seam.raw.depth_100,3,8388608,4,98.960498,0.000001
eta_signal.effect_seam.raw.depth_100,3,8388608,5,99.031553,0.000001
eta_signal.effect_seam.raw.depth_100,3,8388608,6,99.013221,0.000001
eta_signal.effect_seam.raw.depth_100,3,8388608,7,99.042182,0.000001
eta_signal.effect_seam.raw.depth_100,3,8388608,8,99.003785,0.000001
eta_signal.effect_seam.raw.depth_100,3,8388608,9,98.943701,0.000001
eta_signal.effect_seam.effect.depth_100,3,8388608,1,102.846741,10.000004
eta_signal.effect_seam.effect.depth_100,3,8388608,2,102.741353,10.000004
eta_signal.effect_seam.effect.depth_100,3,8388608,3,102.778444,10.000004
eta_signal.effect_seam.effect.depth_100,3,8388608,4,102.765199,10.000004
eta_signal.effect_seam.effect.depth_100,3,8388608,5,102.799646,10.000004
eta_signal.effect_seam.effect.depth_100,3,8388608,6,102.781542,10.000004
eta_signal.effect_seam.effect.depth_100,3,8388608,7,102.860213,10.000004
eta_signal.effect_seam.effect.depth_100,3,8388608,8,102.753290,10.000004
eta_signal.effect_seam.effect.depth_100,3,8388608,9,102.793109,10.000004
eta_signal.effect_seam.driver_sync.depth_100,3,4194304,1,216.222531,106.000009
eta_signal.effect_seam.driver_sync.depth_100,3,4194304,2,216.177682,106.000009
eta_signal.effect_seam.driver_sync.depth_100,3,4194304,3,221.306323,106.000009
eta_signal.effect_seam.driver_sync.depth_100,3,4194304,4,221.229072,106.000009
eta_signal.effect_seam.driver_sync.depth_100,3,4194304,5,221.514199,106.000009
eta_signal.effect_seam.driver_sync.depth_100,3,4194304,6,221.484697,106.000009
eta_signal.effect_seam.driver_sync.depth_100,3,4194304,7,220.970151,106.000009
eta_signal.effect_seam.driver_sync.depth_100,3,4194304,8,221.254140,106.000009
eta_signal.effect_seam.driver_sync.depth_100,3,4194304,9,221.557627,106.000009
eta_signal.effect_seam.public_sync.depth_100,3,2097152,1,373.786406,204.000018
eta_signal.effect_seam.public_sync.depth_100,3,2097152,2,372.258228,204.000018
eta_signal.effect_seam.public_sync.depth_100,3,2097152,3,353.287192,204.000018
eta_signal.effect_seam.public_sync.depth_100,3,2097152,4,357.270665,204.000018
eta_signal.effect_seam.public_sync.depth_100,3,2097152,5,357.341833,204.000018
eta_signal.effect_seam.public_sync.depth_100,3,2097152,6,357.408567,204.000018
eta_signal.effect_seam.public_sync.depth_100,3,2097152,7,357.399472,204.000018
eta_signal.effect_seam.public_sync.depth_100,3,2097152,8,357.273962,204.000018
eta_signal.effect_seam.public_sync.depth_100,3,2097152,9,357.715066,204.000018
eta_signal.effect_seam.public_eio.depth_100,3,1048576,1,766.159019,487.000065
eta_signal.effect_seam.public_eio.depth_100,3,1048576,2,765.410505,487.000065
eta_signal.effect_seam.public_eio.depth_100,3,1048576,3,767.730853,487.000065
eta_signal.effect_seam.public_eio.depth_100,3,1048576,4,767.369102,487.000065
eta_signal.effect_seam.public_eio.depth_100,3,1048576,5,766.372750,487.000065
eta_signal.effect_seam.public_eio.depth_100,3,1048576,6,765.526693,487.000065
eta_signal.effect_seam.public_eio.depth_100,3,1048576,7,765.857521,487.000065
eta_signal.effect_seam.public_eio.depth_100,3,1048576,8,766.693120,487.000065
eta_signal.effect_seam.public_eio.depth_100,3,1048576,9,765.637424,487.000065
eta_signal.effect_seam.deep_claim_sync.depth_1,3,8388608,1,118.100871,106.000004
eta_signal.effect_seam.deep_claim_sync.depth_1,3,8388608,2,118.195771,106.000004
eta_signal.effect_seam.deep_claim_sync.depth_1,3,8388608,3,118.070716,106.000004
eta_signal.effect_seam.deep_claim_sync.depth_1,3,8388608,4,118.304143,106.000004
eta_signal.effect_seam.deep_claim_sync.depth_1,3,8388608,5,118.495706,106.000004
eta_signal.effect_seam.deep_claim_sync.depth_1,3,8388608,6,118.626218,106.000004
eta_signal.effect_seam.deep_claim_sync.depth_1,3,8388608,7,118.512730,106.000004
eta_signal.effect_seam.deep_claim_sync.depth_1,3,8388608,8,118.632926,106.000004
eta_signal.effect_seam.deep_claim_sync.depth_1,3,8388608,9,118.514521,106.000004
eta_signal.effect_seam.cursor_sync.depth_1,3,2097152,1,404.819502,346.000018
eta_signal.effect_seam.cursor_sync.depth_1,3,2097152,2,405.746960,346.000018
eta_signal.effect_seam.cursor_sync.depth_1,3,2097152,3,405.998662,346.000018
eta_signal.effect_seam.cursor_sync.depth_1,3,2097152,4,406.199433,346.000018
eta_signal.effect_seam.cursor_sync.depth_1,3,2097152,5,406.647132,346.000018
eta_signal.effect_seam.cursor_sync.depth_1,3,2097152,6,405.836545,346.000018
eta_signal.effect_seam.cursor_sync.depth_1,3,2097152,7,407.001494,346.000018
eta_signal.effect_seam.cursor_sync.depth_1,3,2097152,8,398.152338,346.000018
eta_signal.effect_seam.cursor_sync.depth_1,3,2097152,9,399.729629,346.000018
eta_signal.effect_seam.edge.candidate_cancelled_contender,3,262144,1,2170.093467,1509.000038
eta_signal.effect_seam.edge.candidate_cancelled_contender,3,262144,2,2170.731022,1509.000038
eta_signal.effect_seam.edge.candidate_cancelled_contender,3,262144,3,2175.403097,1509.000038
eta_signal.effect_seam.edge.candidate_cancelled_contender,3,262144,4,2177.147508,1509.000038
eta_signal.effect_seam.edge.candidate_cancelled_contender,3,262144,5,2179.081093,1509.000038
eta_signal.effect_seam.edge.candidate_cancelled_contender,3,262144,6,2179.562216,1509.000038
eta_signal.effect_seam.edge.candidate_cancelled_contender,3,262144,7,2178.710929,1509.000038
eta_signal.effect_seam.edge.candidate_cancelled_contender,3,262144,8,2182.208846,1509.000038
eta_signal.effect_seam.edge.candidate_cancelled_contender,3,262144,9,2179.031071,1509.000038
eta_signal.effect_seam.edge.reference_cancelled_contender,3,65536,1,8691.193216,6911.000153
eta_signal.effect_seam.edge.reference_cancelled_contender,3,65536,2,8691.953553,6911.000153
eta_signal.effect_seam.edge.reference_cancelled_contender,3,65536,3,8714.170690,6911.000153
eta_signal.effect_seam.edge.reference_cancelled_contender,3,65536,4,8715.775039,6911.000153
eta_signal.effect_seam.edge.reference_cancelled_contender,3,65536,5,8711.835108,6911.000153
eta_signal.effect_seam.edge.reference_cancelled_contender,3,65536,6,8709.641406,6911.000153
eta_signal.effect_seam.edge.reference_cancelled_contender,3,65536,7,8695.740689,6911.000153
eta_signal.effect_seam.edge.reference_cancelled_contender,3,65536,8,8707.778761,6911.000153
eta_signal.effect_seam.edge.reference_cancelled_contender,3,65536,9,8699.829777,6911.000153
