pair,name,graph_size,operations,sample,wall_ns,allocated_words
1,incremental.raw.changed.depth_1,2,16777216,1,32.732487,0.000001
1,incremental.raw.changed.depth_1,2,16777216,2,31.899390,0.000001
1,incremental.raw.changed.depth_1,2,16777216,3,31.911370,0.000001
1,incremental.raw.changed.depth_1,2,16777216,4,31.899205,0.000001
1,incremental.raw.changed.depth_1,2,16777216,5,31.725833,0.000001
1,incremental.raw.changed.depth_1,2,16777216,6,31.511064,0.000001
1,incremental.raw.changed.depth_1,2,16777216,7,32.033086,0.000001
1,incremental.raw.changed.depth_1,2,16777216,8,31.616040,0.000001
1,incremental.raw.changed.depth_1,2,16777216,9,31.621639,0.000001
1,b.changed.depth_1,2,16777216,1,15.067940,4.000001
1,b.changed.depth_1,2,16777216,2,15.078655,4.000001
1,b.changed.depth_1,2,16777216,3,15.079436,4.000001
1,b.changed.depth_1,2,16777216,4,15.083018,4.000001
1,b.changed.depth_1,2,16777216,5,15.080630,4.000001
1,b.changed.depth_1,2,16777216,6,15.082477,4.000001
1,b.changed.depth_1,2,16777216,7,15.103410,4.000001
1,b.changed.depth_1,2,16777216,8,15.120264,4.000001
1,b.changed.depth_1,2,16777216,9,15.072700,4.000001
1,incremental.raw.changed.depth_10,11,8388608,1,105.522616,0.000001
1,incremental.raw.changed.depth_10,11,8388608,2,100.778919,0.000001
1,incremental.raw.changed.depth_10,11,8388608,3,99.684485,0.000001
1,incremental.raw.changed.depth_10,11,8388608,4,101.495147,0.000001
1,incremental.raw.changed.depth_10,11,8388608,5,102.140433,0.000001
1,incremental.raw.changed.depth_10,11,8388608,6,102.117752,0.000001
1,incremental.raw.changed.depth_10,11,8388608,7,102.037802,0.000001
1,incremental.raw.changed.depth_10,11,8388608,8,104.103435,0.000001
1,incremental.raw.changed.depth_10,11,8388608,9,105.612742,0.000001
1,b.changed.depth_10,11,16777216,1,46.860649,4.000001
1,b.changed.depth_10,11,16777216,2,46.854851,4.000001
1,b.changed.depth_10,11,16777216,3,46.856769,4.000001
1,b.changed.depth_10,11,16777216,4,46.856044,4.000001
1,b.changed.depth_10,11,16777216,5,46.882036,4.000001
1,b.changed.depth_10,11,16777216,6,46.853245,4.000001
1,b.changed.depth_10,11,16777216,7,46.857068,4.000001
1,b.changed.depth_10,11,16777216,8,46.865992,4.000001
1,b.changed.depth_10,11,16777216,9,46.863079,4.000001
1,incremental.raw.changed.depth_100,101,524288,1,1033.203262,0.000019
1,incremental.raw.changed.depth_100,101,524288,2,1031.055490,0.000019
1,incremental.raw.changed.depth_100,101,524288,3,1038.230948,0.000019
1,incremental.raw.changed.depth_100,101,524288,4,1034.251909,0.000019
1,incremental.raw.changed.depth_100,101,524288,5,1036.258709,0.000019
1,incremental.raw.changed.depth_100,101,524288,6,1037.135917,0.000019
1,incremental.raw.changed.depth_100,101,524288,7,1035.959485,0.000019
1,incremental.raw.changed.depth_100,101,524288,8,1034.417892,0.000019
1,incremental.raw.changed.depth_100,101,524288,9,1034.002253,0.000019
1,b.changed.depth_100,101,2097152,1,377.539664,4.000005
1,b.changed.depth_100,101,2097152,2,372.435579,4.000005
1,b.changed.depth_100,101,2097152,3,372.958198,4.000005
1,b.changed.depth_100,101,2097152,4,373.683406,4.000005
1,b.changed.depth_100,101,2097152,5,374.032538,4.000005
1,b.changed.depth_100,101,2097152,6,376.618914,4.000005
1,b.changed.depth_100,101,2097152,7,372.636805,4.000005
1,b.changed.depth_100,101,2097152,8,373.026410,4.000005
1,b.changed.depth_100,101,2097152,9,373.832222,4.000005
1,incremental.raw.cutoff.depth_10,12,16777216,1,31.956546,0.000001
1,incremental.raw.cutoff.depth_10,12,16777216,2,31.965087,0.000001
1,incremental.raw.cutoff.depth_10,12,16777216,3,32.003470,0.000001
1,incremental.raw.cutoff.depth_10,12,16777216,4,31.948559,0.000001
1,incremental.raw.cutoff.depth_10,12,16777216,5,30.780555,0.000001
1,incremental.raw.cutoff.depth_10,12,16777216,6,30.251030,0.000001
1,incremental.raw.cutoff.depth_10,12,16777216,7,30.247151,0.000001
1,incremental.raw.cutoff.depth_10,12,16777216,8,30.236308,0.000001
1,incremental.raw.cutoff.depth_10,12,16777216,9,30.250860,0.000001
1,b.cutoff.depth_10,12,16777216,1,12.108671,4.000001
1,b.cutoff.depth_10,12,16777216,2,12.110945,4.000001
1,b.cutoff.depth_10,12,16777216,3,12.112551,4.000001
1,b.cutoff.depth_10,12,16777216,4,12.113034,4.000001
1,b.cutoff.depth_10,12,16777216,5,12.121845,4.000001
1,b.cutoff.depth_10,12,16777216,6,11.944834,4.000001
1,b.cutoff.depth_10,12,16777216,7,11.529437,4.000001
1,b.cutoff.depth_10,12,16777216,8,11.529451,4.000001
1,b.cutoff.depth_10,12,16777216,9,11.529210,4.000001
1,b.lifecycle.create.graph_8,8,16777216,1,23.780942,15.000001
1,b.lifecycle.create.graph_8,8,16777216,2,23.794655,15.000001
1,b.lifecycle.create.graph_8,8,16777216,3,23.846567,15.000001
1,b.lifecycle.create.graph_8,8,16777216,4,23.837089,15.000001
1,b.lifecycle.create.graph_8,8,16777216,5,23.840002,15.000001
1,b.lifecycle.create.graph_8,8,16777216,6,23.845018,15.000001
1,b.lifecycle.create.graph_8,8,16777216,7,23.757636,15.000001
1,b.lifecycle.create.graph_8,8,16777216,8,23.776593,15.000001
1,b.lifecycle.create.graph_8,8,16777216,9,23.754367,15.000001
1,b.lifecycle.retire_cleanup.graph_8,8,16777216,1,18.243909,13.000001
1,b.lifecycle.retire_cleanup.graph_8,8,16777216,2,18.507606,13.000001
1,b.lifecycle.retire_cleanup.graph_8,8,16777216,3,18.315674,13.000001
1,b.lifecycle.retire_cleanup.graph_8,8,16777216,4,18.171605,13.000001
1,b.lifecycle.retire_cleanup.graph_8,8,16777216,5,18.149265,13.000001
1,b.lifecycle.retire_cleanup.graph_8,8,16777216,6,18.183655,13.000001
1,b.lifecycle.retire_cleanup.graph_8,8,16777216,7,18.276268,13.000001
1,b.lifecycle.retire_cleanup.graph_8,8,16777216,8,18.276637,13.000001
1,b.lifecycle.retire_cleanup.graph_8,8,16777216,9,18.135125,13.000001
1,b.lifecycle.reuse.graph_8,8,16777216,1,16.467695,13.000001
1,b.lifecycle.reuse.graph_8,8,16777216,2,16.491114,13.000001
1,b.lifecycle.reuse.graph_8,8,16777216,3,16.486410,13.000001
1,b.lifecycle.reuse.graph_8,8,16777216,4,16.468405,13.000001
1,b.lifecycle.reuse.graph_8,8,16777216,5,16.474132,13.000001
1,b.lifecycle.reuse.graph_8,8,16777216,6,16.465847,13.000001
1,b.lifecycle.reuse.graph_8,8,16777216,7,16.932958,13.000001
1,b.lifecycle.reuse.graph_8,8,16777216,8,17.237610,13.000001
1,b.lifecycle.reuse.graph_8,8,16777216,9,17.236175,13.000001
1,b.lifecycle.failed_retire_rollback.graph_8,8,16777216,1,14.762165,5.000001
1,b.lifecycle.failed_retire_rollback.graph_8,8,16777216,2,15.223208,5.000001
1,b.lifecycle.failed_retire_rollback.graph_8,8,16777216,3,15.353379,5.000001
1,b.lifecycle.failed_retire_rollback.graph_8,8,16777216,4,14.782600,5.000001
1,b.lifecycle.failed_retire_rollback.graph_8,8,16777216,5,14.972869,5.000001
1,b.lifecycle.failed_retire_rollback.graph_8,8,16777216,6,15.454290,5.000001
1,b.lifecycle.failed_retire_rollback.graph_8,8,16777216,7,14.915940,5.000001
1,b.lifecycle.failed_retire_rollback.graph_8,8,16777216,8,14.975186,5.000001
1,b.lifecycle.failed_retire_rollback.graph_8,8,16777216,9,15.138326,5.000001
2,incremental.raw.changed.depth_1,2,16777216,1,33.199314,0.000001
2,incremental.raw.changed.depth_1,2,16777216,2,33.198305,0.000001
2,incremental.raw.changed.depth_1,2,16777216,3,33.191682,0.000001
2,incremental.raw.changed.depth_1,2,16777216,4,33.193885,0.000001
2,incremental.raw.changed.depth_1,2,16777216,5,33.187391,0.000001
2,incremental.raw.changed.depth_1,2,16777216,6,31.782321,0.000001
2,incremental.raw.changed.depth_1,2,16777216,7,31.448238,0.000001
2,incremental.raw.changed.depth_1,2,16777216,8,31.447883,0.000001
2,incremental.raw.changed.depth_1,2,16777216,9,31.569243,0.000001
2,b.changed.depth_1,2,16777216,1,15.041934,4.000001
2,b.changed.depth_1,2,16777216,2,15.048030,4.000001
2,b.changed.depth_1,2,16777216,3,15.056969,4.000001
2,b.changed.depth_1,2,16777216,4,15.043256,4.000001
2,b.changed.depth_1,2,16777216,5,15.056429,4.000001
2,b.changed.depth_1,2,16777216,6,15.052734,4.000001
2,b.changed.depth_1,2,16777216,7,15.049281,4.000001
2,b.changed.depth_1,2,16777216,8,15.047362,4.000001
2,b.changed.depth_1,2,16777216,9,15.047306,4.000001
2,incremental.raw.changed.depth_10,11,8388608,1,106.078005,0.000001
2,incremental.raw.changed.depth_10,11,8388608,2,106.352331,0.000001
2,incremental.raw.changed.depth_10,11,8388608,3,107.940195,0.000001
2,incremental.raw.changed.depth_10,11,8388608,4,104.927665,0.000001
2,incremental.raw.changed.depth_10,11,8388608,5,104.809772,0.000001
2,incremental.raw.changed.depth_10,11,8388608,6,103.783606,0.000001
2,incremental.raw.changed.depth_10,11,8388608,7,103.835106,0.000001
2,incremental.raw.changed.depth_10,11,8388608,8,104.392058,0.000001
2,incremental.raw.changed.depth_10,11,8388608,9,104.391574,0.000001
2,b.changed.depth_10,11,16777216,1,50.901647,4.000001
2,b.changed.depth_10,11,16777216,2,50.901420,4.000001
2,b.changed.depth_10,11,16777216,3,48.379121,4.000001
2,b.changed.depth_10,11,16777216,4,46.643549,4.000001
2,b.changed.depth_10,11,16777216,5,46.681819,4.000001
2,b.changed.depth_10,11,16777216,6,46.656481,4.000001
2,b.changed.depth_10,11,16777216,7,46.656723,4.000001
2,b.changed.depth_10,11,16777216,8,46.667466,4.000001
2,b.changed.depth_10,11,16777216,9,46.672469,4.000001
2,incremental.raw.changed.depth_100,101,524288,1,1031.890861,0.000019
2,incremental.raw.changed.depth_100,101,524288,2,1032.590717,0.000019
2,incremental.raw.changed.depth_100,101,524288,3,1032.221007,0.000019
2,incremental.raw.changed.depth_100,101,524288,4,1031.374268,0.000019
2,incremental.raw.changed.depth_100,101,524288,5,1031.965439,0.000019
2,incremental.raw.changed.depth_100,101,524288,6,1032.567980,0.000019
2,incremental.raw.changed.depth_100,101,524288,7,1033.849912,0.000019
2,incremental.raw.changed.depth_100,101,524288,8,1032.153705,0.000019
2,incremental.raw.changed.depth_100,101,524288,9,1032.167347,0.000019
2,b.changed.depth_100,101,2097152,1,373.793569,4.000005
2,b.changed.depth_100,101,2097152,2,373.851321,4.000005
2,b.changed.depth_100,101,2097152,3,373.441253,4.000005
2,b.changed.depth_100,101,2097152,4,374.134629,4.000005
2,b.changed.depth_100,101,2097152,5,373.257194,4.000005
2,b.changed.depth_100,101,2097152,6,373.812668,4.000005
2,b.changed.depth_100,101,2097152,7,373.667717,4.000005
2,b.changed.depth_100,101,2097152,8,373.949433,4.000005
2,b.changed.depth_100,101,2097152,9,373.812099,4.000005
2,incremental.raw.cutoff.depth_10,12,16777216,1,30.685840,0.000001
2,incremental.raw.cutoff.depth_10,12,16777216,2,30.682685,0.000001
2,incremental.raw.cutoff.depth_10,12,16777216,3,30.695077,0.000001
2,incremental.raw.cutoff.depth_10,12,16777216,4,30.684646,0.000001
2,incremental.raw.cutoff.depth_10,12,16777216,5,30.676773,0.000001
2,incremental.raw.cutoff.depth_10,12,16777216,6,30.670762,0.000001
2,incremental.raw.cutoff.depth_10,12,16777216,7,30.689009,0.000001
2,incremental.raw.cutoff.depth_10,12,16777216,8,30.683637,0.000001
2,incremental.raw.cutoff.depth_10,12,16777216,9,30.707298,0.000001
2,b.cutoff.depth_10,12,16777216,1,12.085437,4.000001
2,b.cutoff.depth_10,12,16777216,2,12.099861,4.000001
2,b.cutoff.depth_10,12,16777216,3,12.097061,4.000001
2,b.cutoff.depth_10,12,16777216,4,11.778525,4.000001
2,b.cutoff.depth_10,12,16777216,5,11.496311,4.000001
2,b.cutoff.depth_10,12,16777216,6,11.484147,4.000001
2,b.cutoff.depth_10,12,16777216,7,11.485696,4.000001
2,b.cutoff.depth_10,12,16777216,8,11.484687,4.000001
2,b.cutoff.depth_10,12,16777216,9,11.486478,4.000001
2,b.lifecycle.create.graph_8,8,16777216,1,23.730465,15.000001
2,b.lifecycle.create.graph_8,8,16777216,2,23.758645,15.000001
2,b.lifecycle.create.graph_8,8,16777216,3,23.843057,15.000001
2,b.lifecycle.create.graph_8,8,16777216,4,23.849495,15.000001
2,b.lifecycle.create.graph_8,8,16777216,5,23.852408,15.000001
2,b.lifecycle.create.graph_8,8,16777216,6,23.837757,15.000001
2,b.lifecycle.create.graph_8,8,16777216,7,23.779862,15.000001
2,b.lifecycle.create.graph_8,8,16777216,8,23.824029,15.000001
2,b.lifecycle.create.graph_8,8,16777216,9,23.814152,15.000001
2,b.lifecycle.retire_cleanup.graph_8,8,16777216,1,18.185972,13.000001
2,b.lifecycle.retire_cleanup.graph_8,8,16777216,2,18.340941,13.000001
2,b.lifecycle.retire_cleanup.graph_8,8,16777216,3,18.307858,13.000001
2,b.lifecycle.retire_cleanup.graph_8,8,16777216,4,18.206350,13.000001
2,b.lifecycle.retire_cleanup.graph_8,8,16777216,5,18.189795,13.000001
2,b.lifecycle.retire_cleanup.graph_8,8,16777216,6,18.211892,13.000001
2,b.lifecycle.retire_cleanup.graph_8,8,16777216,7,18.304760,13.000001
2,b.lifecycle.retire_cleanup.graph_8,8,16777216,8,18.303098,13.000001
2,b.lifecycle.retire_cleanup.graph_8,8,16777216,9,18.178227,13.000001
2,b.lifecycle.reuse.graph_8,8,16777216,1,16.457193,13.000001
2,b.lifecycle.reuse.graph_8,8,16777216,2,16.472811,13.000001
2,b.lifecycle.reuse.graph_8,8,16777216,3,16.470906,13.000001
2,b.lifecycle.reuse.graph_8,8,16777216,4,16.460064,13.000001
2,b.lifecycle.reuse.graph_8,8,16777216,5,16.456241,13.000001
2,b.lifecycle.reuse.graph_8,8,16777216,6,16.463162,13.000001
2,b.lifecycle.reuse.graph_8,8,16777216,7,16.906611,13.000001
2,b.lifecycle.reuse.graph_8,8,16777216,8,17.180085,13.000001
2,b.lifecycle.reuse.graph_8,8,16777216,9,17.172042,13.000001
2,b.lifecycle.failed_retire_rollback.graph_8,8,16777216,1,14.707098,5.000001
2,b.lifecycle.failed_retire_rollback.graph_8,8,16777216,2,15.160325,5.000001
2,b.lifecycle.failed_retire_rollback.graph_8,8,16777216,3,15.268441,5.000001
2,b.lifecycle.failed_retire_rollback.graph_8,8,16777216,4,14.714772,5.000001
2,b.lifecycle.failed_retire_rollback.graph_8,8,16777216,5,14.912786,5.000001
2,b.lifecycle.failed_retire_rollback.graph_8,8,16777216,6,15.375321,5.000001
2,b.lifecycle.failed_retire_rollback.graph_8,8,16777216,7,14.871830,5.000001
2,b.lifecycle.failed_retire_rollback.graph_8,8,16777216,8,14.735463,5.000001
2,b.lifecycle.failed_retire_rollback.graph_8,8,16777216,9,15.080573,5.000001
3,incremental.raw.changed.depth_1,2,16777216,1,32.606962,0.000001
3,incremental.raw.changed.depth_1,2,16777216,2,31.429892,0.000001
3,incremental.raw.changed.depth_1,2,16777216,3,31.416647,0.000001
3,incremental.raw.changed.depth_1,2,16777216,4,31.726415,0.000001
3,incremental.raw.changed.depth_1,2,16777216,5,31.840926,0.000001
3,incremental.raw.changed.depth_1,2,16777216,6,31.856715,0.000001
3,incremental.raw.changed.depth_1,2,16777216,7,31.898850,0.000001
3,incremental.raw.changed.depth_1,2,16777216,8,31.849495,0.000001
3,incremental.raw.changed.depth_1,2,16777216,9,31.832641,0.000001
3,b.changed.depth_1,2,16777216,1,15.032242,4.000001
3,b.changed.depth_1,2,16777216,2,15.039632,4.000001
3,b.changed.depth_1,2,16777216,3,15.040811,4.000001
3,b.changed.depth_1,2,16777216,4,15.039745,4.000001
3,b.changed.depth_1,2,16777216,5,15.044634,4.000001
3,b.changed.depth_1,2,16777216,6,15.067400,4.000001
3,b.changed.depth_1,2,16777216,7,15.046112,4.000001
3,b.changed.depth_1,2,16777216,8,15.042076,4.000001
3,b.changed.depth_1,2,16777216,9,15.064174,4.000001
3,incremental.raw.changed.depth_10,11,8388608,1,103.228814,0.000001
3,incremental.raw.changed.depth_10,11,8388608,2,100.529803,0.000001
3,incremental.raw.changed.depth_10,11,8388608,3,100.109219,0.000001
3,incremental.raw.changed.depth_10,11,8388608,4,100.234018,0.000001
3,incremental.raw.changed.depth_10,11,8388608,5,100.926883,0.000001
3,incremental.raw.changed.depth_10,11,8388608,6,101.015701,0.000001
3,incremental.raw.changed.depth_10,11,8388608,7,101.059328,0.000001
3,incremental.raw.changed.depth_10,11,8388608,8,100.268011,0.000001
3,incremental.raw.changed.depth_10,11,8388608,9,101.060380,0.000001
3,b.changed.depth_10,11,16777216,1,50.794768,4.000001
3,b.changed.depth_10,11,16777216,2,50.833819,4.000001
3,b.changed.depth_10,11,16777216,3,50.785246,4.000001
3,b.changed.depth_10,11,16777216,4,50.799315,4.000001
3,b.changed.depth_10,11,16777216,5,50.813739,4.000001
3,b.changed.depth_10,11,16777216,6,50.806349,4.000001
3,b.changed.depth_10,11,16777216,7,50.834885,4.000001
3,b.changed.depth_10,11,16777216,8,50.811877,4.000001
3,b.changed.depth_10,11,16777216,9,50.840143,4.000001
3,incremental.raw.changed.depth_100,101,524288,1,1040.954430,0.000019
3,incremental.raw.changed.depth_100,101,524288,2,1031.940428,0.000019
3,incremental.raw.changed.depth_100,101,524288,3,1032.195996,0.000019
3,incremental.raw.changed.depth_100,101,524288,4,1028.392489,0.000019
3,incremental.raw.changed.depth_100,101,524288,5,1029.430223,0.000019
3,incremental.raw.changed.depth_100,101,524288,6,1027.538474,0.000019
3,incremental.raw.changed.depth_100,101,524288,7,1028.493898,0.000019
3,incremental.raw.changed.depth_100,101,524288,8,1029.020041,0.000019
3,incremental.raw.changed.depth_100,101,524288,9,1058.601356,0.000019
3,b.changed.depth_100,101,2097152,1,371.195256,4.000005
3,b.changed.depth_100,101,2097152,2,371.208671,4.000005
3,b.changed.depth_100,101,2097152,3,370.662178,4.000005
3,b.changed.depth_100,101,2097152,4,370.486305,4.000005
3,b.changed.depth_100,101,2097152,5,371.073725,4.000005
3,b.changed.depth_100,101,2097152,6,371.546776,4.000005
3,b.changed.depth_100,101,2097152,7,371.594410,4.000005
3,b.changed.depth_100,101,2097152,8,369.350914,4.000005
3,b.changed.depth_100,101,2097152,9,371.874421,4.000005
3,incremental.raw.cutoff.depth_10,12,16777216,1,32.688860,0.000001
3,incremental.raw.cutoff.depth_10,12,16777216,2,32.697329,0.000001
3,incremental.raw.cutoff.depth_10,12,16777216,3,32.687240,0.000001
3,incremental.raw.cutoff.depth_10,12,16777216,4,32.502712,0.000001
3,incremental.raw.cutoff.depth_10,12,16777216,5,30.661454,0.000001
3,incremental.raw.cutoff.depth_10,12,16777216,6,30.647342,0.000001
3,incremental.raw.cutoff.depth_10,12,16777216,7,30.641502,0.000001
3,incremental.raw.cutoff.depth_10,12,16777216,8,30.616093,0.000001
3,incremental.raw.cutoff.depth_10,12,16777216,9,30.647101,0.000001
3,b.cutoff.depth_10,12,16777216,1,11.474128,4.000001
3,b.cutoff.depth_10,12,16777216,2,11.499225,4.000001
3,b.cutoff.depth_10,12,16777216,3,11.487060,4.000001
3,b.cutoff.depth_10,12,16777216,4,11.489036,4.000001
3,b.cutoff.depth_10,12,16777216,5,11.495899,4.000001
3,b.cutoff.depth_10,12,16777216,6,11.485525,4.000001
3,b.cutoff.depth_10,12,16777216,7,11.489632,4.000001
3,b.cutoff.depth_10,12,16777216,8,11.487771,4.000001
3,b.cutoff.depth_10,12,16777216,9,11.495345,4.000001
3,b.lifecycle.create.graph_8,8,16777216,1,23.767598,15.000001
3,b.lifecycle.create.graph_8,8,16777216,2,23.828022,15.000001
3,b.lifecycle.create.graph_8,8,16777216,3,23.859201,15.000001
3,b.lifecycle.create.graph_8,8,16777216,4,23.847875,15.000001
3,b.lifecycle.create.graph_8,8,16777216,5,23.863080,15.000001
3,b.lifecycle.create.graph_8,8,16777216,6,23.832499,15.000001
3,b.lifecycle.create.graph_8,8,16777216,7,23.775101,15.000001
3,b.lifecycle.create.graph_8,8,16777216,8,23.754239,15.000001
3,b.lifecycle.create.graph_8,8,16777216,9,23.754950,15.000001
3,b.lifecycle.retire_cleanup.graph_8,8,16777216,1,18.107244,13.000001
3,b.lifecycle.retire_cleanup.graph_8,8,16777216,2,18.271919,13.000001
3,b.lifecycle.retire_cleanup.graph_8,8,16777216,3,18.246354,13.000001
3,b.lifecycle.retire_cleanup.graph_8,8,16777216,4,18.128162,13.000001
3,b.lifecycle.retire_cleanup.graph_8,8,16777216,5,18.166304,13.000001
3,b.lifecycle.retire_cleanup.graph_8,8,16777216,6,18.177573,13.000001
3,b.lifecycle.retire_cleanup.graph_8,8,16777216,7,18.283558,13.000001
3,b.lifecycle.retire_cleanup.graph_8,8,16777216,8,18.251725,13.000001
3,b.lifecycle.retire_cleanup.graph_8,8,16777216,9,18.126670,13.000001
3,b.lifecycle.reuse.graph_8,8,16777216,1,16.479191,13.000001
3,b.lifecycle.reuse.graph_8,8,16777216,2,16.483241,13.000001
3,b.lifecycle.reuse.graph_8,8,16777216,3,16.489693,13.000001
3,b.lifecycle.reuse.graph_8,8,16777216,4,16.498504,13.000001
3,b.lifecycle.reuse.graph_8,8,16777216,5,16.477514,13.000001
3,b.lifecycle.reuse.graph_8,8,16777216,6,16.483355,13.000001
3,b.lifecycle.reuse.graph_8,8,16777216,7,16.941542,13.000001
3,b.lifecycle.reuse.graph_8,8,16777216,8,17.242499,13.000001
3,b.lifecycle.reuse.graph_8,8,16777216,9,17.236701,13.000001
3,b.lifecycle.failed_retire_rollback.graph_8,8,16777216,1,15.313205,5.000001
3,b.lifecycle.failed_retire_rollback.graph_8,8,16777216,2,15.422287,5.000001
3,b.lifecycle.failed_retire_rollback.graph_8,8,16777216,3,15.429364,5.000001
3,b.lifecycle.failed_retire_rollback.graph_8,8,16777216,4,15.323877,5.000001
3,b.lifecycle.failed_retire_rollback.graph_8,8,16777216,5,15.356903,5.000001
3,b.lifecycle.failed_retire_rollback.graph_8,8,16777216,6,15.433969,5.000001
3,b.lifecycle.failed_retire_rollback.graph_8,8,16777216,7,15.324844,5.000001
3,b.lifecycle.failed_retire_rollback.graph_8,8,16777216,8,15.302888,5.000001
3,b.lifecycle.failed_retire_rollback.graph_8,8,16777216,9,15.384316,5.000001
