pair,side,name,operations,sample,wall_ns,allocated_words
1,reference,failed_retry.depth_1.position_last,65536,1,10073.730664,7717.001221
1,reference,failed_retry.depth_1.position_last,65536,2,10042.876966,7717.001221
1,reference,failed_retry.depth_1.position_last,65536,3,10033.432773,7717.001221
1,reference,failed_retry.depth_1.position_last,65536,4,10056.930478,7717.001221
1,reference,failed_retry.depth_1.position_last,65536,5,10098.556231,7717.001221
1,reference,failed_retry.depth_1.position_last,65536,6,10141.222447,7717.001221
1,reference,failed_retry.depth_1.position_last,65536,7,10124.360415,7717.001221
1,reference,failed_retry.depth_1.position_last,65536,8,10104.384273,7717.001221
1,reference,failed_retry.depth_1.position_last,65536,9,10078.187188,7717.001221
1,candidate,failed_retry.depth_1.position_last,131072,1,4465.828169,3026.000610
1,candidate,failed_retry.depth_1.position_last,131072,2,4464.973244,3026.000610
1,candidate,failed_retry.depth_1.position_last,131072,3,4478.073606,3026.000610
1,candidate,failed_retry.depth_1.position_last,131072,4,4477.180482,3026.000610
1,candidate,failed_retry.depth_1.position_last,131072,5,4495.719622,3026.000610
1,candidate,failed_retry.depth_1.position_last,131072,6,4476.592949,3026.000610
1,candidate,failed_retry.depth_1.position_last,131072,7,4481.209544,3026.000610
1,candidate,failed_retry.depth_1.position_last,131072,8,4465.553502,3026.000610
1,candidate,failed_retry.depth_1.position_last,131072,9,4473.595254,3026.000610
1,reference,failed_retry.depth_10.position_last,65536,1,12777.236407,9211.001221
1,reference,failed_retry.depth_10.position_last,65536,2,12878.219422,9211.001221
1,reference,failed_retry.depth_10.position_last,65536,3,12792.846974,9211.001221
1,reference,failed_retry.depth_10.position_last,65536,4,12801.468984,9211.001221
1,reference,failed_retry.depth_10.position_last,65536,5,12817.414245,9211.001221
1,reference,failed_retry.depth_10.position_last,65536,6,12843.142031,9211.001221
1,reference,failed_retry.depth_10.position_last,65536,7,12856.824469,9211.001221
1,reference,failed_retry.depth_10.position_last,65536,8,12846.419850,9211.001221
1,reference,failed_retry.depth_10.position_last,65536,9,12838.547264,9211.001221
1,candidate,failed_retry.depth_10.position_last,131072,1,6076.317732,3368.000610
1,candidate,failed_retry.depth_10.position_last,131072,2,6074.638804,3368.000610
1,candidate,failed_retry.depth_10.position_last,131072,3,6071.113603,3368.000610
1,candidate,failed_retry.depth_10.position_last,131072,4,6079.253581,3368.000610
1,candidate,failed_retry.depth_10.position_last,131072,5,6079.735613,3368.000610
1,candidate,failed_retry.depth_10.position_last,131072,6,6072.838005,3368.000610
1,candidate,failed_retry.depth_10.position_last,131072,7,6012.282029,3368.000610
1,candidate,failed_retry.depth_10.position_last,131072,8,6022.559319,3368.000610
1,candidate,failed_retry.depth_10.position_last,131072,9,6059.379302,3368.000610
1,reference,failed_retry.depth_100.position_last,16384,1,39103.935705,24151.004883
1,reference,failed_retry.depth_100.position_last,16384,2,39157.777792,24151.004883
1,reference,failed_retry.depth_100.position_last,16384,3,38513.491745,24151.004883
1,reference,failed_retry.depth_100.position_last,16384,4,38703.248720,24151.004883
1,reference,failed_retry.depth_100.position_last,16384,5,38775.149733,24151.004883
1,reference,failed_retry.depth_100.position_last,16384,6,38865.473471,24151.004883
1,reference,failed_retry.depth_100.position_last,16384,7,38987.738662,24151.004883
1,reference,failed_retry.depth_100.position_last,16384,8,39012.084017,24151.004883
1,reference,failed_retry.depth_100.position_last,16384,9,38902.886445,24151.004883
1,candidate,failed_retry.depth_100.position_last,32768,1,29936.854844,7808.002441
1,candidate,failed_retry.depth_100.position_last,32768,2,29907.809221,7808.002441
1,candidate,failed_retry.depth_100.position_last,32768,3,29868.991987,7808.002441
1,candidate,failed_retry.depth_100.position_last,32768,4,29890.652513,7808.002441
1,candidate,failed_retry.depth_100.position_last,32768,5,29948.729207,7808.002441
1,candidate,failed_retry.depth_100.position_last,32768,6,29989.103496,7808.002441
1,candidate,failed_retry.depth_100.position_last,32768,7,29957.489460,7808.002441
1,candidate,failed_retry.depth_100.position_last,32768,8,29930.022720,7808.002441
1,candidate,failed_retry.depth_100.position_last,32768,9,29914.677725,7808.002441
1,reference,dynamic_scope_cleanup,65536,1,8911.087207,7304.001221
1,reference,dynamic_scope_cleanup,65536,2,8895.294741,7304.001221
1,reference,dynamic_scope_cleanup,65536,3,8950.210031,7304.001221
1,reference,dynamic_scope_cleanup,65536,4,8922.132110,7304.001221
1,reference,dynamic_scope_cleanup,65536,5,8894.563507,7304.001221
1,reference,dynamic_scope_cleanup,65536,6,8887.451258,7304.001221
1,reference,dynamic_scope_cleanup,65536,7,8925.031580,7304.001221
1,reference,dynamic_scope_cleanup,65536,8,9043.244063,7304.001221
1,reference,dynamic_scope_cleanup,65536,9,8888.047887,7304.001221
1,candidate,dynamic_scope_cleanup,16384,1,111822.693725,4073.007263
1,candidate,dynamic_scope_cleanup,16384,2,155335.626914,4081.005615
1,candidate,dynamic_scope_cleanup,16384,3,189497.688552,4073.004883
1,candidate,dynamic_scope_cleanup,16384,4,220951.711526,4073.004883
1,candidate,dynamic_scope_cleanup,16384,5,184502.321645,4073.005554
1,candidate,dynamic_scope_cleanup,16384,6,243940.434302,4089.004944
1,candidate,dynamic_scope_cleanup,16384,7,244597.351411,4073.010925
1,candidate,dynamic_scope_cleanup,16384,8,307166.134007,4073.004883
1,candidate,dynamic_scope_cleanup,16384,9,336271.972628,4073.004883
1,reference,cancelled_contender,65536,1,11899.523088,7559.000153
1,reference,cancelled_contender,65536,2,11863.037798,7559.000153
1,reference,cancelled_contender,65536,3,11872.558389,7559.000153
1,reference,cancelled_contender,65536,4,11881.911632,7559.000153
1,reference,cancelled_contender,65536,5,11899.472156,7559.000153
1,reference,cancelled_contender,65536,6,11889.449524,7559.000153
1,reference,cancelled_contender,65536,7,11901.094695,7559.000153
1,reference,cancelled_contender,65536,8,11915.570212,7559.000153
1,reference,cancelled_contender,65536,9,11877.258657,7559.000153
1,candidate,cancelled_contender,131072,1,7570.113667,4132.000076
1,candidate,cancelled_contender,131072,2,7567.665307,4132.000076
1,candidate,cancelled_contender,131072,3,7586.517313,4132.000076
1,candidate,cancelled_contender,131072,4,7588.034350,4132.000076
1,candidate,cancelled_contender,131072,5,7606.491636,4132.000076
1,candidate,cancelled_contender,131072,6,7587.990694,4132.000076
1,candidate,cancelled_contender,131072,7,7609.825843,4132.000076
1,candidate,cancelled_contender,131072,8,7600.630852,4132.000076
1,candidate,cancelled_contender,131072,9,7599.608580,4132.000076
1,reference,observer_failure_retry,65536,1,14038.221707,11018.000153
1,reference,observer_failure_retry,65536,2,14090.317563,11018.000153
1,reference,observer_failure_retry,65536,3,14078.203094,11018.000153
1,reference,observer_failure_retry,65536,4,14048.324374,11018.000153
1,reference,observer_failure_retry,65536,5,14080.887922,11018.000153
1,reference,observer_failure_retry,65536,6,14104.327420,11018.000153
1,reference,observer_failure_retry,65536,7,14094.650396,11018.000153
1,reference,observer_failure_retry,65536,8,14081.666450,11018.000153
1,reference,observer_failure_retry,65536,9,14050.612663,11018.000153
1,candidate,observer_failure_retry,65536,1,10295.927495,7178.000153
1,candidate,observer_failure_retry,65536,2,10238.145478,7178.000153
1,candidate,observer_failure_retry,65536,3,10290.175851,7178.000153
1,candidate,observer_failure_retry,65536,4,10274.670785,7178.000153
1,candidate,observer_failure_retry,65536,5,10270.494386,7178.000153
1,candidate,observer_failure_retry,65536,6,10324.049072,7178.000153
1,candidate,observer_failure_retry,65536,7,10302.901501,7178.000153
1,candidate,observer_failure_retry,65536,8,10270.094208,7178.000153
1,candidate,observer_failure_retry,65536,9,10293.348168,7178.000153
1,reference,observer_disposal,65536,1,8776.598406,6169.000153
1,reference,observer_disposal,65536,2,8760.725905,6169.000153
1,reference,observer_disposal,65536,3,8743.500075,6169.000153
1,reference,observer_disposal,65536,4,8848.553989,6169.000153
1,reference,observer_disposal,65536,5,8828.217688,6169.000153
1,reference,observer_disposal,65536,6,8771.621651,6169.000153
1,reference,observer_disposal,65536,7,8897.110092,6169.000153
1,reference,observer_disposal,65536,8,8830.033039,6169.000153
1,reference,observer_disposal,65536,9,8700.288163,6169.000153
1,candidate,observer_disposal,4096,1,698004.616424,147129.002441
1,candidate,observer_disposal,4096,2,906852.539629,188121.004395
1,candidate,observer_disposal,4096,3,1138152.845670,229049.002441
1,candidate,observer_disposal,4096,4,1407118.164934,270009.002441
1,candidate,observer_disposal,4096,5,1633546.373341,310969.002441
1,candidate,observer_disposal,4096,6,1991885.947064,351993.004395
1,candidate,observer_disposal,4096,7,2264100.825414,392889.002441
1,candidate,observer_disposal,4096,8,2707934.821956,433849.002441
1,candidate,observer_disposal,4096,9,3457814.163994,474809.002441
1,reference,timer_cycle,16384,1,30804.862035,21548.000610
1,reference,timer_cycle,16384,2,30760.013033,21548.000610
1,reference,timer_cycle,16384,3,30832.146876,21548.000610
1,reference,timer_cycle,16384,4,30795.825296,21548.000610
1,reference,timer_cycle,16384,5,30804.687412,21548.000610
1,reference,timer_cycle,16384,6,30832.583434,21548.000610
1,reference,timer_cycle,16384,7,30917.552067,21548.000610
1,reference,timer_cycle,16384,8,30982.482713,21548.000610
1,reference,timer_cycle,16384,9,30890.558264,21548.000610
1,candidate,timer_cycle,65536,1,14748.809917,9614.000153
1,candidate,timer_cycle,65536,2,14806.519175,9630.000168
1,candidate,timer_cycle,65536,3,14793.778973,9614.000153
1,candidate,timer_cycle,65536,4,14756.577002,9614.000153
1,candidate,timer_cycle,65536,5,14770.143025,9614.000153
1,candidate,timer_cycle,65536,6,14850.924345,9646.000168
1,candidate,timer_cycle,65536,7,14694.673155,9614.000153
1,candidate,timer_cycle,65536,8,14796.325559,9614.000153
1,candidate,timer_cycle,65536,9,14710.050891,9614.000153
2,reference,failed_retry.depth_1.position_last,65536,1,10043.029761,7717.001221
2,reference,failed_retry.depth_1.position_last,65536,2,10026.578821,7717.001221
2,reference,failed_retry.depth_1.position_last,65536,3,10108.367860,7717.001221
2,reference,failed_retry.depth_1.position_last,65536,4,10204.177670,7717.001221
2,reference,failed_retry.depth_1.position_last,65536,5,10235.642549,7717.001221
2,reference,failed_retry.depth_1.position_last,65536,6,10246.352758,7717.001221
2,reference,failed_retry.depth_1.position_last,65536,7,10222.702258,7717.001221
2,reference,failed_retry.depth_1.position_last,65536,8,10059.327906,7717.001221
2,reference,failed_retry.depth_1.position_last,65536,9,10051.819118,7717.001221
2,candidate,failed_retry.depth_1.position_last,131072,1,4455.359885,3026.000610
2,candidate,failed_retry.depth_1.position_last,131072,2,4463.752703,3026.000610
2,candidate,failed_retry.depth_1.position_last,131072,3,4462.455763,3026.000610
2,candidate,failed_retry.depth_1.position_last,131072,4,4466.131941,3026.000610
2,candidate,failed_retry.depth_1.position_last,131072,5,4460.349373,3026.000610
2,candidate,failed_retry.depth_1.position_last,131072,6,4465.431630,3026.000610
2,candidate,failed_retry.depth_1.position_last,131072,7,4476.623872,3026.000610
2,candidate,failed_retry.depth_1.position_last,131072,8,4476.623872,3026.000610
2,candidate,failed_retry.depth_1.position_last,131072,9,4485.382306,3026.000610
2,reference,failed_retry.depth_10.position_last,65536,1,12825.425074,9211.001221
2,reference,failed_retry.depth_10.position_last,65536,2,12914.519175,9211.001221
2,reference,failed_retry.depth_10.position_last,65536,3,12937.180145,9211.001221
2,reference,failed_retry.depth_10.position_last,65536,4,12926.317140,9211.001221
2,reference,failed_retry.depth_10.position_last,65536,5,12917.524145,9211.001221
2,reference,failed_retry.depth_10.position_last,65536,6,12905.256881,9211.001221
2,reference,failed_retry.depth_10.position_last,65536,7,12849.730410,9211.001221
2,reference,failed_retry.depth_10.position_last,65536,8,12693.450117,9211.001221
2,reference,failed_retry.depth_10.position_last,65536,9,12732.056348,9211.001221
2,candidate,failed_retry.depth_10.position_last,131072,1,6068.634320,3368.000610
2,candidate,failed_retry.depth_10.position_last,131072,2,6065.964044,3368.000610
2,candidate,failed_retry.depth_10.position_last,131072,3,6104.415661,3368.000610
2,candidate,failed_retry.depth_10.position_last,131072,4,6094.001947,3368.000610
2,candidate,failed_retry.depth_10.position_last,131072,5,6045.211194,3368.000610
2,candidate,failed_retry.depth_10.position_last,131072,6,6053.871402,3368.000610
2,candidate,failed_retry.depth_10.position_last,131072,7,6065.047273,3368.000610
2,candidate,failed_retry.depth_10.position_last,131072,8,6075.921192,3368.000610
2,candidate,failed_retry.depth_10.position_last,131072,9,6084.159395,3368.000610
2,reference,failed_retry.depth_100.position_last,16384,1,39248.829125,24151.004883
2,reference,failed_retry.depth_100.position_last,16384,2,39277.772885,24151.004883
2,reference,failed_retry.depth_100.position_last,16384,3,39318.241761,24151.004883
2,reference,failed_retry.depth_100.position_last,16384,4,39317.746996,24151.004883
2,reference,failed_retry.depth_100.position_last,16384,5,39039.179683,24151.004883
2,reference,failed_retry.depth_100.position_last,16384,6,38450.263673,24151.004883
2,reference,failed_retry.depth_100.position_last,16384,7,38565.252908,24151.004883
2,reference,failed_retry.depth_100.position_last,16384,8,38777.521695,24151.004883
2,reference,failed_retry.depth_100.position_last,16384,9,38447.571569,24151.004883
2,candidate,failed_retry.depth_100.position_last,32768,1,30010.254704,7808.002441
2,candidate,failed_retry.depth_100.position_last,32768,2,30014.707590,7808.002441
2,candidate,failed_retry.depth_100.position_last,32768,3,30005.401641,7808.002441
2,candidate,failed_retry.depth_100.position_last,32768,4,30005.554436,7808.002441
2,candidate,failed_retry.depth_100.position_last,32768,5,30022.732972,7808.002441
2,candidate,failed_retry.depth_100.position_last,32768,6,29994.502256,7808.002441
2,candidate,failed_retry.depth_100.position_last,32768,7,30034.367228,7808.002441
2,candidate,failed_retry.depth_100.position_last,32768,8,29820.832424,7808.002441
2,candidate,failed_retry.depth_100.position_last,32768,9,29752.380215,7808.002441
2,reference,dynamic_scope_cleanup,65536,1,8930.161130,7304.001221
2,reference,dynamic_scope_cleanup,65536,2,8996.201359,7304.001221
2,reference,dynamic_scope_cleanup,65536,3,8996.627002,7304.001221
2,reference,dynamic_scope_cleanup,65536,4,9026.854968,7304.001221
2,reference,dynamic_scope_cleanup,65536,5,9012.601367,7304.001221
2,reference,dynamic_scope_cleanup,65536,6,8971.634088,7304.001221
2,reference,dynamic_scope_cleanup,65536,7,8979.615814,7304.001221
2,reference,dynamic_scope_cleanup,65536,8,9049.927030,7304.001221
2,reference,dynamic_scope_cleanup,65536,9,8902.174159,7304.001221
2,candidate,dynamic_scope_cleanup,16384,1,113359.259558,4073.007263
2,candidate,dynamic_scope_cleanup,16384,2,119500.677101,4081.005615
2,candidate,dynamic_scope_cleanup,16384,3,136393.791763,4073.004883
2,candidate,dynamic_scope_cleanup,16384,4,159935.181728,4073.004883
2,candidate,dynamic_scope_cleanup,16384,5,183530.093636,4073.005554
2,candidate,dynamic_scope_cleanup,16384,6,207402.888918,4089.004944
2,candidate,dynamic_scope_cleanup,16384,7,231032.288866,4073.010925
2,candidate,dynamic_scope_cleanup,16384,8,264011.221589,4073.004883
2,candidate,dynamic_scope_cleanup,16384,9,279318.614048,4073.004883
2,reference,cancelled_contender,65536,1,11812.106095,7559.000153
2,reference,cancelled_contender,65536,2,11822.950910,7559.000153
2,reference,cancelled_contender,65536,3,11844.756955,7559.000153
2,reference,cancelled_contender,65536,4,11857.162463,7559.000153
2,reference,cancelled_contender,65536,5,11843.520042,7559.000153
2,reference,cancelled_contender,65536,6,11885.025742,7559.000153
2,reference,cancelled_contender,65536,7,11865.646229,7559.000153
2,reference,cancelled_contender,65536,8,11860.640370,7559.000153
2,reference,cancelled_contender,65536,9,11880.372767,7559.000153
2,candidate,cancelled_contender,131072,1,7582.328180,4132.000076
2,candidate,cancelled_contender,131072,2,7597.098374,4132.000076
2,candidate,cancelled_contender,131072,3,7598.266166,4132.000076
2,candidate,cancelled_contender,131072,4,7609.902241,4132.000076
2,candidate,cancelled_contender,131072,5,7607.643056,4132.000076
2,candidate,cancelled_contender,131072,6,7595.335774,4132.000076
2,candidate,cancelled_contender,131072,7,7608.001397,4132.000076
2,candidate,cancelled_contender,131072,8,7612.128684,4132.000076
2,candidate,cancelled_contender,131072,9,7634.323993,4132.000076
2,reference,observer_failure_retry,65536,1,14152.981748,11018.000153
2,reference,observer_failure_retry,65536,2,14155.273675,11018.000153
2,reference,observer_failure_retry,65536,3,14269.804524,11018.000153
2,reference,observer_failure_retry,65536,4,14291.013940,11018.000153
2,reference,observer_failure_retry,65536,5,14213.728718,11018.000153
2,reference,observer_failure_retry,65536,6,14240.922610,11018.000153
2,reference,observer_failure_retry,65536,7,14131.164789,11018.000153
2,reference,observer_failure_retry,65536,8,14067.245502,11018.000153
2,reference,observer_failure_retry,65536,9,14077.028027,11018.000153
2,candidate,observer_failure_retry,65536,1,10195.955838,7178.000153
2,candidate,observer_failure_retry,65536,2,10157.335055,7178.000153
2,candidate,observer_failure_retry,65536,3,10182.724509,7178.000153
2,candidate,observer_failure_retry,65536,4,10202.544217,7178.000153
2,candidate,observer_failure_retry,65536,5,10253.435903,7178.000153
2,candidate,observer_failure_retry,65536,6,10252.209904,7178.000153
2,candidate,observer_failure_retry,65536,7,10263.978766,7178.000153
2,candidate,observer_failure_retry,65536,8,10240.692063,7178.000153
2,candidate,observer_failure_retry,65536,9,10196.104995,7178.000153
2,reference,observer_disposal,65536,1,8780.152712,6169.000153
2,reference,observer_disposal,65536,2,8792.296285,6169.000153
2,reference,observer_disposal,65536,3,8752.427675,6169.000153
2,reference,observer_disposal,65536,4,8842.253010,6169.000153
2,reference,observer_disposal,65536,5,8815.339243,6169.000153
2,reference,observer_disposal,65536,6,8741.957572,6169.000153
2,reference,observer_disposal,65536,7,8841.794624,6169.000153
2,reference,observer_disposal,65536,8,8828.963473,6169.000153
2,reference,observer_disposal,65536,9,8736.798918,6169.000153
2,candidate,observer_disposal,4096,1,685114.995576,147129.002441
2,candidate,observer_disposal,4096,2,904484.128114,188121.004395
2,candidate,observer_disposal,4096,3,1146651.105955,229049.002441
2,candidate,observer_disposal,4096,4,1438582.781702,270009.002441
2,candidate,observer_disposal,4096,5,1647210.447118,310969.002441
2,candidate,observer_disposal,4096,6,2030731.935520,351993.004395
2,candidate,observer_disposal,4096,7,2308667.229954,392889.002441
2,candidate,observer_disposal,4096,8,2718494.331930,433849.002441
2,candidate,observer_disposal,4096,9,3778743.906878,474809.002441
2,reference,timer_cycle,16384,1,30812.749173,21548.000610
2,reference,timer_cycle,16384,2,30738.403439,21548.000610
2,reference,timer_cycle,16384,3,30865.790904,21548.000610
2,reference,timer_cycle,16384,4,30884.402804,21548.000610
2,reference,timer_cycle,16384,5,30700.379284,21548.000610
2,reference,timer_cycle,16384,6,30786.381103,21548.000610
2,reference,timer_cycle,16384,7,30752.620660,21548.000610
2,reference,timer_cycle,16384,8,30966.490158,21548.000610
2,reference,timer_cycle,16384,9,30901.981518,21548.000610
2,candidate,timer_cycle,65536,1,14665.834897,9614.000153
2,candidate,timer_cycle,65536,2,14732.482668,9630.000168
2,candidate,timer_cycle,65536,3,14723.998902,9614.000153
2,candidate,timer_cycle,65536,4,14679.277228,9614.000153
2,candidate,timer_cycle,65536,5,14730.925614,9614.000153
2,candidate,timer_cycle,65536,6,14847.304556,9646.000168
2,candidate,timer_cycle,65536,7,14745.848603,9614.000153
2,candidate,timer_cycle,65536,8,14873.061446,9614.000153
2,candidate,timer_cycle,65536,9,14739.776816,9614.000153
3,reference,failed_retry.depth_1.position_last,65536,1,10153.151379,7717.001221
3,reference,failed_retry.depth_1.position_last,65536,2,10086.227121,7717.001221
3,reference,failed_retry.depth_1.position_last,65536,3,10083.953384,7717.001221
3,reference,failed_retry.depth_1.position_last,65536,4,10158.095392,7717.001221
3,reference,failed_retry.depth_1.position_last,65536,5,10145.158740,7717.001221
3,reference,failed_retry.depth_1.position_last,65536,6,10141.739040,7717.001221
3,reference,failed_retry.depth_1.position_last,65536,7,10107.221897,7717.001221
3,reference,failed_retry.depth_1.position_last,65536,8,10091.491276,7717.001221
3,reference,failed_retry.depth_1.position_last,65536,9,9976.545698,7717.001221
3,candidate,failed_retry.depth_1.position_last,131072,1,4458.397598,3026.000610
3,candidate,failed_retry.depth_1.position_last,131072,2,4460.511263,3026.000610
3,candidate,failed_retry.depth_1.position_last,131072,3,4466.315659,3026.000610
3,candidate,failed_retry.depth_1.position_last,131072,4,4459.991032,3026.000610
3,candidate,failed_retry.depth_1.position_last,131072,5,4455.230737,3026.000610
3,candidate,failed_retry.depth_1.position_last,131072,6,4470.886779,3026.000610
3,candidate,failed_retry.depth_1.position_last,131072,7,4469.809937,3026.000610
3,candidate,failed_retry.depth_1.position_last,131072,8,4478.699339,3026.000610
3,candidate,failed_retry.depth_1.position_last,131072,9,4474.983143,3026.000610
3,reference,failed_retry.depth_10.position_last,65536,1,12774.122297,9211.001221
3,reference,failed_retry.depth_10.position_last,65536,2,12785.276340,9211.001221
3,reference,failed_retry.depth_10.position_last,65536,3,12824.293663,9211.001221
3,reference,failed_retry.depth_10.position_last,65536,4,12846.910977,9211.001221
3,reference,failed_retry.depth_10.position_last,65536,5,12901.746231,9211.001221
3,reference,failed_retry.depth_10.position_last,65536,6,12946.562492,9211.001221
3,reference,failed_retry.depth_10.position_last,65536,7,12941.985915,9211.001221
3,reference,failed_retry.depth_10.position_last,65536,8,12957.931176,9211.001221
3,reference,failed_retry.depth_10.position_last,65536,9,12966.567738,9211.001221
3,candidate,failed_retry.depth_10.position_last,131072,1,6049.698641,3368.000610
3,candidate,failed_retry.depth_10.position_last,131072,2,6074.416888,3368.000610
3,candidate,failed_retry.depth_10.position_last,131072,3,6084.801498,3368.000610
3,candidate,failed_retry.depth_10.position_last,131072,4,6077.110811,3368.000610
3,candidate,failed_retry.depth_10.position_last,131072,5,6080.552339,3368.000610
3,candidate,failed_retry.depth_10.position_last,131072,6,6095.649951,3368.000610
3,candidate,failed_retry.depth_10.position_last,131072,7,6093.870979,3368.000610
3,candidate,failed_retry.depth_10.position_last,131072,8,6093.338015,3368.000610
3,candidate,failed_retry.depth_10.position_last,131072,9,6093.307093,3368.000610
3,reference,failed_retry.depth_100.position_last,16384,1,39037.549868,24151.004883
3,reference,failed_retry.depth_100.position_last,16384,2,39093.691157,24151.004883
3,reference,failed_retry.depth_100.position_last,16384,3,39090.082282,24151.004883
3,reference,failed_retry.depth_100.position_last,16384,4,39039.368858,24151.004883
3,reference,failed_retry.depth_100.position_last,16384,5,39103.208110,24151.004883
3,reference,failed_retry.depth_100.position_last,16384,6,39070.422645,24151.004883
3,reference,failed_retry.depth_100.position_last,16384,7,39049.438783,24151.004883
3,reference,failed_retry.depth_100.position_last,16384,8,38804.806536,24151.004883
3,reference,failed_retry.depth_100.position_last,16384,9,38390.819100,24151.004883
3,candidate,failed_retry.depth_100.position_last,32768,1,29999.049730,7808.002441
3,candidate,failed_retry.depth_100.position_last,32768,2,29946.866562,7808.002441
3,candidate,failed_retry.depth_100.position_last,32768,3,30050.352507,7808.002441
3,candidate,failed_retry.depth_100.position_last,32768,4,30026.640161,7808.002441
3,candidate,failed_retry.depth_100.position_last,32768,5,30031.922506,7808.002441
3,candidate,failed_retry.depth_100.position_last,32768,6,29946.873838,7808.002441
3,candidate,failed_retry.depth_100.position_last,32768,7,30042.785511,7808.002441
3,candidate,failed_retry.depth_100.position_last,32768,8,29999.238905,7808.002441
3,candidate,failed_retry.depth_100.position_last,32768,9,30030.183552,7808.002441
3,reference,dynamic_scope_cleanup,65536,1,8822.342352,7304.001221
3,reference,dynamic_scope_cleanup,65536,2,8923.569112,7304.001221
3,reference,dynamic_scope_cleanup,65536,3,8992.068615,7304.001221
3,reference,dynamic_scope_cleanup,65536,4,8983.872249,7304.001221
3,reference,dynamic_scope_cleanup,65536,5,8955.230442,7304.001221
3,reference,dynamic_scope_cleanup,65536,6,8929.044270,7304.001221
3,reference,dynamic_scope_cleanup,65536,7,8855.149645,7304.001221
3,reference,dynamic_scope_cleanup,65536,8,8940.474800,7304.001221
3,reference,dynamic_scope_cleanup,65536,9,8714.476280,7304.001221
3,candidate,dynamic_scope_cleanup,16384,1,86096.377345,4073.007263
3,candidate,dynamic_scope_cleanup,16384,2,115231.188829,4081.005615
3,candidate,dynamic_scope_cleanup,16384,3,170069.935848,4073.004883
3,candidate,dynamic_scope_cleanup,16384,4,170916.202478,4073.004883
3,candidate,dynamic_scope_cleanup,16384,5,182970.397873,4073.005554
3,candidate,dynamic_scope_cleanup,16384,6,206994.998734,4089.004944
3,candidate,dynamic_scope_cleanup,16384,7,230732.723139,4073.010925
3,candidate,dynamic_scope_cleanup,16384,8,259483.829723,4073.004883
3,candidate,dynamic_scope_cleanup,16384,9,295563.600957,4073.004883
3,reference,cancelled_contender,65536,1,11853.011529,7559.000153
3,reference,cancelled_contender,65536,2,11852.156604,7559.000153
3,reference,cancelled_contender,65536,3,11860.382074,7559.000153
3,reference,cancelled_contender,65536,4,11851.865565,7559.000153
3,reference,cancelled_contender,65536,5,11822.401575,7559.000153
3,reference,cancelled_contender,65536,6,11912.659829,7559.000153
3,reference,cancelled_contender,65536,7,11935.011571,7559.000153
3,reference,cancelled_contender,65536,8,11868.058209,7559.000153
3,reference,cancelled_contender,65536,9,11891.312170,7559.000153
3,candidate,cancelled_contender,131072,1,7537.772035,4132.000076
3,candidate,cancelled_contender,131072,2,7545.531844,4132.000076
3,candidate,cancelled_contender,131072,3,7551.620001,4132.000076
3,candidate,cancelled_contender,131072,4,7584.771083,4132.000076
3,candidate,cancelled_contender,131072,5,7590.080713,4132.000076
3,candidate,cancelled_contender,131072,6,7619.491953,4132.000076
3,candidate,cancelled_contender,131072,7,7563.920008,4132.000076
3,candidate,cancelled_contender,131072,8,7555.809134,4132.000076
3,candidate,cancelled_contender,131072,9,7566.672139,4132.000076
3,reference,observer_failure_retry,65536,1,14095.276129,11018.000153
3,reference,observer_failure_retry,65536,2,14055.403881,11018.000153
3,reference,observer_failure_retry,65536,3,14052.289771,11018.000153
3,reference,observer_failure_retry,65536,4,14049.957827,11018.000153
3,reference,observer_failure_retry,65536,5,14062.301489,11018.000153
3,reference,observer_failure_retry,65536,6,14079.665561,11018.000153
3,reference,observer_failure_retry,65536,7,14094.330254,11018.000153
3,reference,observer_failure_retry,65536,8,14089.095203,11018.000153
3,reference,observer_failure_retry,65536,9,14057.528460,11018.000153
3,candidate,observer_failure_retry,65536,1,10240.160918,7178.000153
3,candidate,observer_failure_retry,65536,2,10213.167116,7178.000153
3,candidate,observer_failure_retry,65536,3,10223.389836,7178.000153
3,candidate,observer_failure_retry,65536,4,10266.874597,7178.000153
3,candidate,observer_failure_retry,65536,5,10199.324606,7178.000153
3,candidate,observer_failure_retry,65536,6,10180.909157,7178.000153
3,candidate,observer_failure_retry,65536,7,10166.033462,7178.000153
3,candidate,observer_failure_retry,65536,8,10147.356079,7178.000153
3,candidate,observer_failure_retry,65536,9,10173.935152,7178.000153
3,reference,observer_disposal,65536,1,8760.267519,6169.000153
3,reference,observer_disposal,65536,2,8752.715075,6169.000153
3,reference,observer_disposal,65536,3,8687.973605,6169.000153
3,reference,observer_disposal,65536,4,8825.958503,6169.000153
3,reference,observer_disposal,65536,5,8817.823982,6169.000153
3,reference,observer_disposal,65536,6,8772.414731,6169.000153
3,reference,observer_disposal,65536,7,8861.239621,6169.000153
3,reference,observer_disposal,65536,8,8791.899745,6169.000153
3,reference,observer_disposal,65536,9,8799.073839,6169.000153
3,candidate,observer_disposal,4096,1,708650.622983,147129.002441
3,candidate,observer_disposal,4096,2,902203.377336,188121.004395
3,candidate,observer_disposal,4096,3,1137710.933108,229049.002441
3,candidate,observer_disposal,4096,4,1396759.005729,270009.002441
3,candidate,observer_disposal,4096,5,1630002.923775,310969.002441
3,candidate,observer_disposal,4096,6,2001399.931032,351993.004395
3,candidate,observer_disposal,4096,7,2376881.078817,392889.002441
3,candidate,observer_disposal,4096,8,2808042.219840,433849.002441
3,candidate,observer_disposal,4096,9,3382352.297194,474809.002441
3,reference,timer_cycle,16384,1,30919.502024,21548.000610
3,reference,timer_cycle,16384,2,30959.650758,21548.000610
3,reference,timer_cycle,16384,3,30994.619010,21548.000610
3,reference,timer_cycle,16384,4,30953.306123,21548.000610
3,reference,timer_cycle,16384,5,30950.264772,21548.000610
3,reference,timer_cycle,16384,6,30937.197153,21548.000610
3,reference,timer_cycle,16384,7,30941.402656,21548.000610
3,reference,timer_cycle,16384,8,30922.121368,21548.000610
3,reference,timer_cycle,16384,9,30946.233892,21548.000610
3,candidate,timer_cycle,65536,1,14702.221961,9614.000153
3,candidate,timer_cycle,65536,2,14775.589079,9630.000168
3,candidate,timer_cycle,65536,3,14881.894458,9614.000153
3,candidate,timer_cycle,65536,4,14739.944163,9614.000153
3,candidate,timer_cycle,65536,5,14732.515410,9614.000153
3,candidate,timer_cycle,65536,6,14849.731087,9646.000168
3,candidate,timer_cycle,65536,7,14683.166228,9614.000153
3,candidate,timer_cycle,65536,8,14805.817045,9614.000153
3,candidate,timer_cycle,65536,9,14682.584151,9614.000153
