pair,boundary,side,workload,operations,sample,wall_ns,allocated_words
1,raw,reference,changed.depth_1,16777216,1,51.913020,6.000001
1,raw,reference,changed.depth_1,16777216,2,51.615601,6.000001
1,raw,reference,changed.depth_1,16777216,3,51.573039,6.000001
1,raw,reference,changed.depth_1,16777216,4,51.788561,6.000001
1,raw,reference,changed.depth_1,16777216,5,51.940731,6.000001
1,raw,reference,changed.depth_1,16777216,6,51.798523,6.000001
1,raw,reference,changed.depth_1,16777216,7,51.667925,6.000001
1,raw,reference,changed.depth_1,16777216,8,51.660706,6.000001
1,raw,reference,changed.depth_1,16777216,9,51.940319,6.000001
1,raw,finalist,changed.depth_1,16777216,1,41.781249,0.000001
1,raw,finalist,changed.depth_1,16777216,2,41.679854,0.000001
1,raw,finalist,changed.depth_1,16777216,3,41.647738,0.000001
1,raw,finalist,changed.depth_1,16777216,4,41.663000,0.000001
1,raw,finalist,changed.depth_1,16777216,5,41.681062,0.000001
1,raw,finalist,changed.depth_1,16777216,6,41.703217,0.000001
1,raw,finalist,changed.depth_1,16777216,7,41.680394,0.000001
1,raw,finalist,changed.depth_1,16777216,8,41.670859,0.000001
1,raw,finalist,changed.depth_1,16777216,9,41.650594,0.000001
1,public,reference,changed.depth_1,16777216,1,51.784994,6.000001
1,public,reference,changed.depth_1,16777216,2,51.660777,6.000001
1,public,reference,changed.depth_1,16777216,3,51.896393,6.000001
1,public,reference,changed.depth_1,16777216,4,51.382244,6.000001
1,public,reference,changed.depth_1,16777216,5,51.683244,6.000001
1,public,reference,changed.depth_1,16777216,6,51.718899,6.000001
1,public,reference,changed.depth_1,16777216,7,51.710018,6.000001
1,public,reference,changed.depth_1,16777216,8,51.534343,6.000001
1,public,reference,changed.depth_1,16777216,9,51.246815,6.000001
1,public,finalist,changed.depth_1,131072,1,5584.906830,3833.000641
1,public,finalist,changed.depth_1,131072,2,5591.651643,3833.000641
1,public,finalist,changed.depth_1,131072,3,5587.753549,3833.000641
1,public,finalist,changed.depth_1,131072,4,5565.780157,3833.000641
1,public,finalist,changed.depth_1,131072,5,5594.971299,3833.000641
1,public,finalist,changed.depth_1,131072,6,5616.309863,3833.000641
1,public,finalist,changed.depth_1,131072,7,5608.399078,3833.000641
1,public,finalist,changed.depth_1,131072,8,5610.854714,3833.000641
1,public,finalist,changed.depth_1,131072,9,5599.495125,3833.000641
1,raw,reference,changed.depth_10,4194304,1,118.209357,6.000002
1,raw,reference,changed.depth_10,4194304,2,119.962465,6.000002
1,raw,reference,changed.depth_10,4194304,3,122.783661,6.000002
1,raw,reference,changed.depth_10,4194304,4,123.331063,6.000002
1,raw,reference,changed.depth_10,4194304,5,123.683662,6.000002
1,raw,reference,changed.depth_10,4194304,6,122.910706,6.000002
1,raw,reference,changed.depth_10,4194304,7,125.532381,6.000002
1,raw,reference,changed.depth_10,4194304,8,120.467917,6.000002
1,raw,reference,changed.depth_10,4194304,9,120.958589,6.000002
1,raw,finalist,changed.depth_10,4194304,1,152.537837,0.000002
1,raw,finalist,changed.depth_10,4194304,2,152.278403,0.000002
1,raw,finalist,changed.depth_10,4194304,3,151.671884,0.000002
1,raw,finalist,changed.depth_10,4194304,4,151.580537,0.000002
1,raw,finalist,changed.depth_10,4194304,5,151.637096,0.000002
1,raw,finalist,changed.depth_10,4194304,6,151.815868,0.000002
1,raw,finalist,changed.depth_10,4194304,7,151.688823,0.000002
1,raw,finalist,changed.depth_10,4194304,8,151.747486,0.000002
1,raw,finalist,changed.depth_10,4194304,9,151.668075,0.000002
1,public,reference,changed.depth_10,4194304,1,120.692732,6.000002
1,public,reference,changed.depth_10,4194304,2,116.238596,6.000002
1,public,reference,changed.depth_10,4194304,3,117.203228,6.000002
1,public,reference,changed.depth_10,4194304,4,117.094032,6.000002
1,public,reference,changed.depth_10,4194304,5,123.426219,6.000002
1,public,reference,changed.depth_10,4194304,6,124.765847,6.000002
1,public,reference,changed.depth_10,4194304,7,125.435349,6.000002
1,public,reference,changed.depth_10,4194304,8,125.879751,6.000002
1,public,reference,changed.depth_10,4194304,9,125.425345,6.000002
1,public,finalist,changed.depth_10,131072,1,6702.330211,4058.000641
1,public,finalist,changed.depth_10,131072,2,6723.632396,4058.000641
1,public,finalist,changed.depth_10,131072,3,6708.754881,4058.000641
1,public,finalist,changed.depth_10,131072,4,6772.064808,4058.000641
1,public,finalist,changed.depth_10,131072,5,6803.231372,4058.000641
1,public,finalist,changed.depth_10,131072,6,6773.880159,4058.000641
1,public,finalist,changed.depth_10,131072,7,6774.940630,4058.000641
1,public,finalist,changed.depth_10,131072,8,6724.578270,4058.000641
1,public,finalist,changed.depth_10,131072,9,6701.522580,4058.000641
1,raw,reference,changed.depth_100,524288,1,1017.604973,6.000019
1,raw,reference,changed.depth_100,524288,2,1016.620899,6.000019
1,raw,reference,changed.depth_100,524288,3,1016.855094,6.000019
1,raw,reference,changed.depth_100,524288,4,1016.227543,6.000019
1,raw,reference,changed.depth_100,524288,5,1016.698661,6.000019
1,raw,reference,changed.depth_100,524288,6,1017.309387,6.000019
1,raw,reference,changed.depth_100,524288,7,1017.827799,6.000019
1,raw,reference,changed.depth_100,524288,8,1019.880074,6.000019
1,raw,reference,changed.depth_100,524288,9,1022.125161,6.000019
1,raw,finalist,changed.depth_100,524288,1,1336.828063,0.000019
1,raw,finalist,changed.depth_100,524288,2,1332.141892,0.000019
1,raw,finalist,changed.depth_100,524288,3,1329.217866,0.000019
1,raw,finalist,changed.depth_100,524288,4,1333.658020,0.000019
1,raw,finalist,changed.depth_100,524288,5,1329.725364,0.000019
1,raw,finalist,changed.depth_100,524288,6,1331.581188,0.000019
1,raw,finalist,changed.depth_100,524288,7,1332.175998,0.000019
1,raw,finalist,changed.depth_100,524288,8,1334.443823,0.000019
1,raw,finalist,changed.depth_100,524288,9,1332.929514,0.000019
1,public,reference,changed.depth_100,524288,1,1164.035893,6.000019
1,public,reference,changed.depth_100,524288,2,1165.090453,6.000019
1,public,reference,changed.depth_100,524288,3,1164.140485,6.000019
1,public,reference,changed.depth_100,524288,4,1163.806701,6.000019
1,public,reference,changed.depth_100,524288,5,1164.825335,6.000019
1,public,reference,changed.depth_100,524288,6,1165.553840,6.000019
1,public,reference,changed.depth_100,524288,7,1136.367700,6.000019
1,public,reference,changed.depth_100,524288,8,1134.340437,6.000019
1,public,reference,changed.depth_100,524288,9,1134.508238,6.000019
1,public,finalist,changed.depth_100,32768,1,24315.064366,7124.002563
1,public,finalist,changed.depth_100,32768,2,24357.112125,7124.002563
1,public,finalist,changed.depth_100,32768,3,24327.120627,7124.002563
1,public,finalist,changed.depth_100,32768,4,24226.625101,7124.002563
1,public,finalist,changed.depth_100,32768,5,24257.235054,7124.002563
1,public,finalist,changed.depth_100,32768,6,24280.241632,7124.002563
1,public,finalist,changed.depth_100,32768,7,24306.304113,7124.002563
1,public,finalist,changed.depth_100,32768,8,24212.124117,7124.002563
1,public,finalist,changed.depth_100,32768,9,24146.793294,7124.002563
1,raw,reference,cutoff.depth_10,16777216,1,30.860534,0.000001
1,raw,reference,cutoff.depth_10,16777216,2,30.402589,0.000001
1,raw,reference,cutoff.depth_10,16777216,3,30.439026,0.000001
1,raw,reference,cutoff.depth_10,16777216,4,30.431323,0.000001
1,raw,reference,cutoff.depth_10,16777216,5,30.432403,0.000001
1,raw,reference,cutoff.depth_10,16777216,6,30.407961,0.000001
1,raw,reference,cutoff.depth_10,16777216,7,30.878610,0.000001
1,raw,reference,cutoff.depth_10,16777216,8,30.885218,0.000001
1,raw,reference,cutoff.depth_10,16777216,9,30.876151,0.000001
1,raw,finalist,cutoff.depth_10,16777216,1,40.230034,0.000001
1,raw,finalist,cutoff.depth_10,16777216,2,39.651823,0.000001
1,raw,finalist,cutoff.depth_10,16777216,3,39.590418,0.000001
1,raw,finalist,cutoff.depth_10,16777216,4,39.711423,0.000001
1,raw,finalist,cutoff.depth_10,16777216,5,39.611294,0.000001
1,raw,finalist,cutoff.depth_10,16777216,6,39.611052,0.000001
1,raw,finalist,cutoff.depth_10,16777216,7,39.591555,0.000001
1,raw,finalist,cutoff.depth_10,16777216,8,39.653486,0.000001
1,raw,finalist,cutoff.depth_10,16777216,9,39.808270,0.000001
1,public,reference,cutoff.depth_10,16777216,1,32.711739,0.000001
1,public,reference,cutoff.depth_10,16777216,2,32.720436,0.000001
1,public,reference,cutoff.depth_10,16777216,3,31.344413,0.000001
1,public,reference,cutoff.depth_10,16777216,4,30.467334,0.000001
1,public,reference,cutoff.depth_10,16777216,5,30.483179,0.000001
1,public,reference,cutoff.depth_10,16777216,6,30.456903,0.000001
1,public,reference,cutoff.depth_10,16777216,7,30.817162,0.000001
1,public,reference,cutoff.depth_10,16777216,8,30.863163,0.000001
1,public,reference,cutoff.depth_10,16777216,9,30.857265,0.000001
1,public,finalist,cutoff.depth_10,131072,1,4116.240234,2351.000641
1,public,finalist,cutoff.depth_10,131072,2,4120.871381,2351.000641
1,public,finalist,cutoff.depth_10,131072,3,4133.407856,2351.000641
1,public,finalist,cutoff.depth_10,131072,4,4132.751201,2351.000641
1,public,finalist,cutoff.depth_10,131072,5,4131.919923,2351.000641
1,public,finalist,cutoff.depth_10,131072,6,4148.292646,2351.000641
1,public,finalist,cutoff.depth_10,131072,7,4183.013516,2351.000641
1,public,finalist,cutoff.depth_10,131072,8,4150.695531,2351.000641
1,public,finalist,cutoff.depth_10,131072,9,4146.759238,2351.000641
1,raw,reference,dynamic.switch,4194304,1,138.039582,49.000002
1,raw,reference,dynamic.switch,4194304,2,144.713624,49.000002
1,raw,reference,dynamic.switch,4194304,3,143.793102,49.000002
1,raw,reference,dynamic.switch,4194304,4,147.809033,49.000002
1,raw,reference,dynamic.switch,4194304,5,142.057388,49.000002
1,raw,reference,dynamic.switch,4194304,6,141.448993,49.000002
1,raw,reference,dynamic.switch,4194304,7,142.061481,49.000002
1,raw,reference,dynamic.switch,4194304,8,137.478310,49.000002
1,raw,reference,dynamic.switch,4194304,9,144.508817,49.000002
1,raw,finalist,dynamic.switch,4194304,1,130.183935,47.000002
1,raw,finalist,dynamic.switch,4194304,2,129.886871,47.000002
1,raw,finalist,dynamic.switch,4194304,3,129.634657,47.000002
1,raw,finalist,dynamic.switch,4194304,4,129.602427,47.000002
1,raw,finalist,dynamic.switch,4194304,5,129.460773,47.000002
1,raw,finalist,dynamic.switch,4194304,6,128.527915,47.000002
1,raw,finalist,dynamic.switch,4194304,7,128.355964,47.000002
1,raw,finalist,dynamic.switch,4194304,8,128.256772,47.000002
1,raw,finalist,dynamic.switch,4194304,9,128.971294,47.000002
1,public,reference,dynamic.switch,4194304,1,154.012696,49.000002
1,public,reference,dynamic.switch,4194304,2,153.899691,49.000002
1,public,reference,dynamic.switch,4194304,3,150.042069,49.000002
1,public,reference,dynamic.switch,4194304,4,152.942675,49.000002
1,public,reference,dynamic.switch,4194304,5,151.644656,49.000002
1,public,reference,dynamic.switch,4194304,6,151.850941,49.000002
1,public,reference,dynamic.switch,4194304,7,150.803828,49.000002
1,public,reference,dynamic.switch,4194304,8,146.852244,49.000002
1,public,reference,dynamic.switch,4194304,9,148.717902,49.000002
1,public,finalist,dynamic.switch,16384,1,111953.428132,4073.007507
1,public,finalist,dynamic.switch,16384,2,143794.793985,4081.005188
1,public,finalist,dynamic.switch,16384,3,150736.275828,4073.005127
1,public,finalist,dynamic.switch,16384,4,203604.300623,4073.005127
1,public,finalist,dynamic.switch,16384,5,228096.061619,4073.005127
1,public,finalist,dynamic.switch,16384,6,259676.875430,4089.007874
1,public,finalist,dynamic.switch,16384,7,298709.361232,4073.005127
1,public,finalist,dynamic.switch,16384,8,311805.662932,4073.005127
1,public,finalist,dynamic.switch,16384,9,354875.432095,4073.005127
1,raw,reference,map.data_change.10000,2097152,1,299.315843,186.000005
1,raw,reference,map.data_change.10000,2097152,2,293.559992,186.000005
1,raw,reference,map.data_change.10000,2097152,3,293.203357,186.000005
1,raw,reference,map.data_change.10000,2097152,4,306.462198,186.000005
1,raw,reference,map.data_change.10000,2097152,5,295.912741,186.000005
1,raw,reference,map.data_change.10000,2097152,6,293.773724,186.000005
1,raw,reference,map.data_change.10000,2097152,7,285.812916,186.000005
1,raw,reference,map.data_change.10000,2097152,8,287.963417,186.000005
1,raw,reference,map.data_change.10000,2097152,9,288.016395,186.000005
1,raw,finalist,map.data_change.10000,4194304,1,211.905956,214.000002
1,raw,finalist,map.data_change.10000,4194304,2,213.505245,214.000002
1,raw,finalist,map.data_change.10000,4194304,3,213.489045,214.000002
1,raw,finalist,map.data_change.10000,4194304,4,214.509498,214.000002
1,raw,finalist,map.data_change.10000,4194304,5,212.851489,214.000002
1,raw,finalist,map.data_change.10000,4194304,6,213.575106,214.000002
1,raw,finalist,map.data_change.10000,4194304,7,213.774911,214.000002
1,raw,finalist,map.data_change.10000,4194304,8,216.036824,214.000002
1,raw,finalist,map.data_change.10000,4194304,9,213.682881,214.000002
1,public,reference,map.data_change.10000,2097152,1,293.006792,186.000005
1,public,reference,map.data_change.10000,2097152,2,287.168064,186.000005
1,public,reference,map.data_change.10000,2097152,3,282.727797,186.000005
1,public,reference,map.data_change.10000,2097152,4,302.820240,186.000005
1,public,reference,map.data_change.10000,2097152,5,308.666699,186.000005
1,public,reference,map.data_change.10000,2097152,6,308.526523,186.000005
1,public,reference,map.data_change.10000,2097152,7,280.050244,186.000005
1,public,reference,map.data_change.10000,2097152,8,280.764084,186.000005
1,public,reference,map.data_change.10000,2097152,9,281.663461,186.000005
1,public,finalist,map.data_change.10000,4096,1,169347.389601,4257.020508
1,public,finalist,map.data_change.10000,4096,2,169458.740856,4257.020508
1,public,finalist,map.data_change.10000,4096,3,169261.940755,4257.020508
1,public,finalist,map.data_change.10000,4096,4,169274.164364,4257.020508
1,public,finalist,map.data_change.10000,4096,5,168916.012626,4257.020508
1,public,finalist,map.data_change.10000,4096,6,168758.037034,4257.020508
1,public,finalist,map.data_change.10000,4096,7,168730.970472,4257.020508
1,public,finalist,map.data_change.10000,4096,8,168863.043655,4257.020508
1,public,finalist,map.data_change.10000,4096,9,168924.336322,4257.020508
1,raw,reference,map.data_change.100000,2097152,1,364.993070,234.000005
1,raw,reference,map.data_change.100000,2097152,2,354.423946,234.000005
1,raw,reference,map.data_change.100000,2097152,3,350.976961,234.000005
1,raw,reference,map.data_change.100000,2097152,4,348.378649,234.000005
1,raw,reference,map.data_change.100000,2097152,5,346.196202,234.000005
1,raw,reference,map.data_change.100000,2097152,6,345.312174,234.000005
1,raw,reference,map.data_change.100000,2097152,7,348.838739,234.000005
1,raw,reference,map.data_change.100000,2097152,8,350.560754,234.000005
1,raw,reference,map.data_change.100000,2097152,9,354.252734,234.000005
1,raw,finalist,map.data_change.100000,4194304,1,234.713582,262.000002
1,raw,finalist,map.data_change.100000,4194304,2,237.464178,262.000002
1,raw,finalist,map.data_change.100000,4194304,3,236.551273,262.000002
1,raw,finalist,map.data_change.100000,4194304,4,236.712651,262.000002
1,raw,finalist,map.data_change.100000,4194304,5,238.734231,262.000002
1,raw,finalist,map.data_change.100000,4194304,6,240.273948,262.000002
1,raw,finalist,map.data_change.100000,4194304,7,242.593046,262.000002
1,raw,finalist,map.data_change.100000,4194304,8,244.139414,262.000002
1,raw,finalist,map.data_change.100000,4194304,9,242.992598,262.000002
1,public,reference,map.data_change.100000,2097152,1,363.428057,234.000005
1,public,reference,map.data_change.100000,2097152,2,360.516083,234.000005
1,public,reference,map.data_change.100000,2097152,3,360.648642,234.000005
1,public,reference,map.data_change.100000,2097152,4,357.188696,234.000005
1,public,reference,map.data_change.100000,2097152,5,359.217211,234.000005
1,public,reference,map.data_change.100000,2097152,6,359.110345,234.000005
1,public,reference,map.data_change.100000,2097152,7,357.298859,234.000005
1,public,reference,map.data_change.100000,2097152,8,348.880803,234.000005
1,public,reference,map.data_change.100000,2097152,9,341.556643,234.000005
1,public,finalist,map.data_change.100000,256,1,3599043.004215,4349.328125
1,public,finalist,map.data_change.100000,256,2,3547218.628228,4349.328125
1,public,finalist,map.data_change.100000,256,3,3639691.509306,4349.328125
1,public,finalist,map.data_change.100000,256,4,3548738.546669,4349.328125
1,public,finalist,map.data_change.100000,256,5,3562969.155610,4349.328125
1,public,finalist,map.data_change.100000,256,6,3572155.721486,4349.328125
1,public,finalist,map.data_change.100000,256,7,3592581.488192,4349.328125
1,public,finalist,map.data_change.100000,256,8,3653847.612441,4349.328125
1,public,finalist,map.data_change.100000,256,9,3537649.288774,4349.328125
1,raw,reference,map.membership_change.10000,1048576,1,479.706614,349.500010
1,raw,reference,map.membership_change.10000,1048576,2,483.496478,349.500010
1,raw,reference,map.membership_change.10000,1048576,3,478.133188,349.500010
1,raw,reference,map.membership_change.10000,1048576,4,473.423825,349.500010
1,raw,reference,map.membership_change.10000,1048576,5,478.008133,349.500010
1,raw,reference,map.membership_change.10000,1048576,6,478.894208,349.500010
1,raw,reference,map.membership_change.10000,1048576,7,483.514668,349.500010
1,raw,reference,map.membership_change.10000,1048576,8,487.031002,349.500010
1,raw,reference,map.membership_change.10000,1048576,9,486.452109,349.500010
1,raw,finalist,map.membership_change.10000,2097152,1,288.043907,368.000005
1,raw,finalist,map.membership_change.10000,2097152,2,286.179556,368.000005
1,raw,finalist,map.membership_change.10000,2097152,3,285.419901,368.000005
1,raw,finalist,map.membership_change.10000,2097152,4,287.533226,368.000005
1,raw,finalist,map.membership_change.10000,2097152,5,289.427248,368.000005
1,raw,finalist,map.membership_change.10000,2097152,6,289.044920,368.000005
1,raw,finalist,map.membership_change.10000,2097152,7,286.885665,368.000005
1,raw,finalist,map.membership_change.10000,2097152,8,287.871899,368.000005
1,raw,finalist,map.membership_change.10000,2097152,9,291.309334,368.000005
1,public,reference,map.membership_change.10000,1048576,1,488.512114,349.500010
1,public,reference,map.membership_change.10000,1048576,2,492.261961,349.500010
1,public,reference,map.membership_change.10000,1048576,3,490.828370,349.500010
1,public,reference,map.membership_change.10000,1048576,4,488.936394,349.500010
1,public,reference,map.membership_change.10000,1048576,5,492.816980,349.500010
1,public,reference,map.membership_change.10000,1048576,6,488.754267,349.500010
1,public,reference,map.membership_change.10000,1048576,7,488.356591,349.500010
1,public,reference,map.membership_change.10000,1048576,8,490.980028,349.500010
1,public,reference,map.membership_change.10000,1048576,9,487.057832,349.500010
1,public,finalist,map.membership_change.10000,4096,1,159405.753948,4495.020508
1,public,finalist,map.membership_change.10000,4096,2,159582.064953,4495.020508
1,public,finalist,map.membership_change.10000,4096,3,159413.088113,4495.020508
1,public,finalist,map.membership_change.10000,4096,4,159798.597451,4495.020508
1,public,finalist,map.membership_change.10000,4096,5,159733.404871,4495.020508
1,public,finalist,map.membership_change.10000,4096,6,159579.562023,4495.020508
1,public,finalist,map.membership_change.10000,4096,7,159507.093485,4495.020508
1,public,finalist,map.membership_change.10000,4096,8,159524.672199,4495.020508
1,public,finalist,map.membership_change.10000,4096,9,159653.543960,4495.020508
1,raw,reference,map.membership_change.100000,1048576,1,569.402800,439.500010
1,raw,reference,map.membership_change.100000,1048576,2,569.632448,439.500010
1,raw,reference,map.membership_change.100000,1048576,3,568.188625,439.500010
1,raw,reference,map.membership_change.100000,1048576,4,567.815732,439.500010
1,raw,reference,map.membership_change.100000,1048576,5,565.139771,439.500010
1,raw,reference,map.membership_change.100000,1048576,6,568.513997,439.500010
1,raw,reference,map.membership_change.100000,1048576,7,571.249984,439.500010
1,raw,reference,map.membership_change.100000,1048576,8,576.886123,439.500010
1,raw,reference,map.membership_change.100000,1048576,9,581.472477,439.500010
1,raw,finalist,map.membership_change.100000,2097152,1,318.023240,422.000005
1,raw,finalist,map.membership_change.100000,2097152,2,317.683202,422.000005
1,raw,finalist,map.membership_change.100000,2097152,3,316.551677,422.000005
1,raw,finalist,map.membership_change.100000,2097152,4,320.088475,422.000005
1,raw,finalist,map.membership_change.100000,2097152,5,324.279767,422.000005
1,raw,finalist,map.membership_change.100000,2097152,6,325.110477,422.000005
1,raw,finalist,map.membership_change.100000,2097152,7,325.005090,422.000005
1,raw,finalist,map.membership_change.100000,2097152,8,319.282435,422.000005
1,raw,finalist,map.membership_change.100000,2097152,9,319.874289,422.000005
1,public,reference,map.membership_change.100000,1048576,1,575.764716,439.500010
1,public,reference,map.membership_change.100000,1048576,2,574.049864,439.500010
1,public,reference,map.membership_change.100000,1048576,3,575.410695,439.500010
1,public,reference,map.membership_change.100000,1048576,4,579.026164,439.500010
1,public,reference,map.membership_change.100000,1048576,5,574.038495,439.500010
1,public,reference,map.membership_change.100000,1048576,6,574.979822,439.500010
1,public,reference,map.membership_change.100000,1048576,7,565.078835,439.500010
1,public,reference,map.membership_change.100000,1048576,8,575.766535,439.500010
1,public,reference,map.membership_change.100000,1048576,9,579.989546,439.500010
1,public,finalist,map.membership_change.100000,256,1,3596367.314458,4628.328125
1,public,finalist,map.membership_change.100000,256,2,3521992.824972,4628.328125
1,public,finalist,map.membership_change.100000,256,3,3550554.625690,4628.328125
1,public,finalist,map.membership_change.100000,256,4,3508344.292641,4628.328125
1,public,finalist,map.membership_change.100000,256,5,3660081.885755,4628.328125
1,public,finalist,map.membership_change.100000,256,6,3524480.387568,4628.328125
1,public,finalist,map.membership_change.100000,256,7,3535699.099302,4628.328125
1,public,finalist,map.membership_change.100000,256,8,3544250.503182,4628.328125
1,public,finalist,map.membership_change.100000,256,9,3497835.248709,4628.328125
1,raw,reference,map.child_change.10000,8388608,1,111.440301,84.000001
1,raw,reference,map.child_change.10000,8388608,2,111.538640,84.000001
1,raw,reference,map.child_change.10000,8388608,3,110.544448,84.000001
1,raw,reference,map.child_change.10000,8388608,4,112.786552,84.000001
1,raw,reference,map.child_change.10000,8388608,5,114.064335,84.000001
1,raw,reference,map.child_change.10000,8388608,6,115.846376,84.000001
1,raw,reference,map.child_change.10000,8388608,7,116.908069,84.000001
1,raw,reference,map.child_change.10000,8388608,8,116.314311,84.000001
1,raw,reference,map.child_change.10000,8388608,9,114.978576,84.000001
1,raw,finalist,map.child_change.10000,8388608,1,116.513604,89.000001
1,raw,finalist,map.child_change.10000,8388608,2,116.543646,89.000001
1,raw,finalist,map.child_change.10000,8388608,3,116.544243,89.000001
1,raw,finalist,map.child_change.10000,8388608,4,116.815329,89.000001
1,raw,finalist,map.child_change.10000,8388608,5,116.765250,89.000001
1,raw,finalist,map.child_change.10000,8388608,6,116.634482,89.000001
1,raw,finalist,map.child_change.10000,8388608,7,116.546147,89.000001
1,raw,finalist,map.child_change.10000,8388608,8,116.636755,89.000001
1,raw,finalist,map.child_change.10000,8388608,9,113.071565,89.000001
1,public,reference,map.child_change.10000,8388608,1,113.958237,84.000001
1,public,reference,map.child_change.10000,8388608,2,115.927577,84.000001
1,public,reference,map.child_change.10000,8388608,3,115.221638,84.000001
1,public,reference,map.child_change.10000,8388608,4,116.693627,84.000001
1,public,reference,map.child_change.10000,8388608,5,116.416345,84.000001
1,public,reference,map.child_change.10000,8388608,6,118.873345,84.000001
1,public,reference,map.child_change.10000,8388608,7,118.463390,84.000001
1,public,reference,map.child_change.10000,8388608,8,114.381919,84.000001
1,public,reference,map.child_change.10000,8388608,9,111.960190,84.000001
1,public,finalist,map.child_change.10000,1024,1,671666.115522,3944.082031
1,public,finalist,map.child_change.10000,1024,2,675735.296682,3944.082031
1,public,finalist,map.child_change.10000,1024,3,675450.311974,3944.082031
1,public,finalist,map.child_change.10000,1024,4,673183.705658,3944.082031
1,public,finalist,map.child_change.10000,1024,5,678808.661178,3944.082031
1,public,finalist,map.child_change.10000,1024,6,678546.959534,3944.082031
1,public,finalist,map.child_change.10000,1024,7,675996.067002,3944.082031
1,public,finalist,map.child_change.10000,1024,8,681197.270751,3944.082031
1,public,finalist,map.child_change.10000,1024,9,674028.415233,3944.082031
1,raw,reference,map.child_change.100000,4194304,1,133.962885,108.000002
1,raw,reference,map.child_change.100000,4194304,2,129.151601,108.000002
1,raw,reference,map.child_change.100000,4194304,3,127.249905,108.000002
1,raw,reference,map.child_change.100000,4194304,4,127.374619,108.000002
1,raw,reference,map.child_change.100000,4194304,5,127.414410,108.000002
1,raw,reference,map.child_change.100000,4194304,6,128.222666,108.000002
1,raw,reference,map.child_change.100000,4194304,7,127.908493,108.000002
1,raw,reference,map.child_change.100000,4194304,8,126.441932,108.000002
1,raw,reference,map.child_change.100000,4194304,9,129.174680,108.000002
1,raw,finalist,map.child_change.100000,4194304,1,127.626663,113.000002
1,raw,finalist,map.child_change.100000,4194304,2,127.635985,113.000002
1,raw,finalist,map.child_change.100000,4194304,3,128.010299,113.000002
1,raw,finalist,map.child_change.100000,4194304,4,128.304237,113.000002
1,raw,finalist,map.child_change.100000,4194304,5,122.941742,113.000002
1,raw,finalist,map.child_change.100000,4194304,6,123.208963,113.000002
1,raw,finalist,map.child_change.100000,4194304,7,122.980850,113.000002
1,raw,finalist,map.child_change.100000,4194304,8,122.608867,113.000002
1,raw,finalist,map.child_change.100000,4194304,9,122.305153,113.000002
1,public,reference,map.child_change.100000,4194304,1,129.547857,108.000002
1,public,reference,map.child_change.100000,4194304,2,127.626663,108.000002
1,public,reference,map.child_change.100000,4194304,3,129.671321,108.000002
1,public,reference,map.child_change.100000,4194304,4,129.266255,108.000002
1,public,reference,map.child_change.100000,4194304,5,128.765123,108.000002
1,public,reference,map.child_change.100000,4194304,6,129.147793,108.000002
1,public,reference,map.child_change.100000,4194304,7,129.223338,108.000002
1,public,reference,map.child_change.100000,4194304,8,129.627438,108.000002
1,public,reference,map.child_change.100000,4194304,9,124.204632,108.000002
1,public,finalist,map.child_change.100000,32,1,15821024.775505,3970.625000
1,public,finalist,map.child_change.100000,32,2,15653900.802135,3970.625000
1,public,finalist,map.child_change.100000,32,3,15770442.783833,3970.625000
1,public,finalist,map.child_change.100000,32,4,15865527.093410,3970.625000
1,public,finalist,map.child_change.100000,32,5,15642970.800400,3970.625000
1,public,finalist,map.child_change.100000,32,6,15671998.262405,3970.625000
1,public,finalist,map.child_change.100000,32,7,15647344.291210,3970.625000
1,public,finalist,map.child_change.100000,32,8,15838906.168938,3970.625000
1,public,finalist,map.child_change.100000,32,9,15745528.042316,3970.625000
2,raw,reference,changed.depth_1,16777216,1,54.444314,6.000001
2,raw,reference,changed.depth_1,16777216,2,54.527106,6.000001
2,raw,reference,changed.depth_1,16777216,3,54.857011,6.000001
2,raw,reference,changed.depth_1,16777216,4,53.097068,6.000001
2,raw,reference,changed.depth_1,16777216,5,51.227929,6.000001
2,raw,reference,changed.depth_1,16777216,6,51.307197,6.000001
2,raw,reference,changed.depth_1,16777216,7,51.449845,6.000001
2,raw,reference,changed.depth_1,16777216,8,51.218507,6.000001
2,raw,reference,changed.depth_1,16777216,9,51.426525,6.000001
2,raw,finalist,changed.depth_1,16777216,1,49.468937,0.000001
2,raw,finalist,changed.depth_1,16777216,2,49.415647,0.000001
2,raw,finalist,changed.depth_1,16777216,3,49.402246,0.000001
2,raw,finalist,changed.depth_1,16777216,4,49.356231,0.000001
2,raw,finalist,changed.depth_1,16777216,5,49.372730,0.000001
2,raw,finalist,changed.depth_1,16777216,6,49.413444,0.000001
2,raw,finalist,changed.depth_1,16777216,7,49.355563,0.000001
2,raw,finalist,changed.depth_1,16777216,8,49.361645,0.000001
2,raw,finalist,changed.depth_1,16777216,9,49.410701,0.000001
2,public,reference,changed.depth_1,16777216,1,54.588668,6.000001
2,public,reference,changed.depth_1,16777216,2,54.612215,6.000001
2,public,reference,changed.depth_1,16777216,3,53.805465,6.000001
2,public,reference,changed.depth_1,16777216,4,51.077549,6.000001
2,public,reference,changed.depth_1,16777216,5,51.212481,6.000001
2,public,reference,changed.depth_1,16777216,6,51.236086,6.000001
2,public,reference,changed.depth_1,16777216,7,51.460091,6.000001
2,public,reference,changed.depth_1,16777216,8,51.589666,6.000001
2,public,reference,changed.depth_1,16777216,9,51.541434,6.000001
2,public,finalist,changed.depth_1,131072,1,5803.040040,3833.000641
2,public,finalist,changed.depth_1,131072,2,5685.051292,3833.000641
2,public,finalist,changed.depth_1,131072,3,5735.062587,3833.000641
2,public,finalist,changed.depth_1,131072,4,5718.147804,3833.000641
2,public,finalist,changed.depth_1,131072,5,5747.131581,3833.000641
2,public,finalist,changed.depth_1,131072,6,5792.571756,3833.000641
2,public,finalist,changed.depth_1,131072,7,5767.335097,3833.000641
2,public,finalist,changed.depth_1,131072,8,5781.319487,3833.000641
2,public,finalist,changed.depth_1,131072,9,5786.110705,3833.000641
2,raw,reference,changed.depth_10,4194304,1,132.796742,6.000002
2,raw,reference,changed.depth_10,4194304,2,133.751882,6.000002
2,raw,reference,changed.depth_10,4194304,3,121.503376,6.000002
2,raw,reference,changed.depth_10,4194304,4,114.774480,6.000002
2,raw,reference,changed.depth_10,4194304,5,114.454792,6.000002
2,raw,reference,changed.depth_10,4194304,6,113.942406,6.000002
2,raw,reference,changed.depth_10,4194304,7,114.433988,6.000002
2,raw,reference,changed.depth_10,4194304,8,114.544832,6.000002
2,raw,reference,changed.depth_10,4194304,9,114.483612,6.000002
2,raw,finalist,changed.depth_10,4194304,1,162.650849,0.000002
2,raw,finalist,changed.depth_10,4194304,2,162.808192,0.000002
2,raw,finalist,changed.depth_10,4194304,3,163.329389,0.000002
2,raw,finalist,changed.depth_10,4194304,4,163.284824,0.000002
2,raw,finalist,changed.depth_10,4194304,5,160.488128,0.000002
2,raw,finalist,changed.depth_10,4194304,6,160.881257,0.000002
2,raw,finalist,changed.depth_10,4194304,7,160.610455,0.000002
2,raw,finalist,changed.depth_10,4194304,8,160.667696,0.000002
2,raw,finalist,changed.depth_10,4194304,9,160.715103,0.000002
2,public,reference,changed.depth_10,4194304,1,121.406288,6.000002
2,public,reference,changed.depth_10,4194304,2,124.034443,6.000002
2,public,reference,changed.depth_10,4194304,3,125.715246,6.000002
2,public,reference,changed.depth_10,4194304,4,125.703309,6.000002
2,public,reference,changed.depth_10,4194304,5,123.641030,6.000002
2,public,reference,changed.depth_10,4194304,6,116.519175,6.000002
2,public,reference,changed.depth_10,4194304,7,114.496743,6.000002
2,public,reference,changed.depth_10,4194304,8,115.566991,6.000002
2,public,reference,changed.depth_10,4194304,9,115.697901,6.000002
2,public,finalist,changed.depth_10,131072,1,6890.968507,4058.000641
2,public,finalist,changed.depth_10,131072,2,6808.983017,4058.000641
2,public,finalist,changed.depth_10,131072,3,6865.089745,4058.000641
2,public,finalist,changed.depth_10,131072,4,6863.479939,4058.000641
2,public,finalist,changed.depth_10,131072,5,6829.613994,4058.000641
2,public,finalist,changed.depth_10,131072,6,6876.374755,4058.000641
2,public,finalist,changed.depth_10,131072,7,6862.615919,4058.000641
2,public,finalist,changed.depth_10,131072,8,6838.150512,4058.000641
2,public,finalist,changed.depth_10,131072,9,6835.167369,4058.000641
2,raw,reference,changed.depth_100,524288,1,1134.382273,6.000019
2,raw,reference,changed.depth_100,524288,2,1123.562015,6.000019
2,raw,reference,changed.depth_100,524288,3,1015.312137,6.000019
2,raw,reference,changed.depth_100,524288,4,1015.912858,6.000019
2,raw,reference,changed.depth_100,524288,5,1016.012448,6.000019
2,raw,reference,changed.depth_100,524288,6,1016.330771,6.000019
2,raw,reference,changed.depth_100,524288,7,1018.371677,6.000019
2,raw,reference,changed.depth_100,524288,8,1018.661351,6.000019
2,raw,reference,changed.depth_100,524288,9,1018.688181,6.000019
2,raw,finalist,changed.depth_100,524288,1,1349.628747,0.000019
2,raw,finalist,changed.depth_100,524288,2,1352.023901,0.000019
2,raw,finalist,changed.depth_100,524288,3,1350.726961,0.000019
2,raw,finalist,changed.depth_100,524288,4,1351.993433,0.000019
2,raw,finalist,changed.depth_100,524288,5,1347.746093,0.000019
2,raw,finalist,changed.depth_100,524288,6,1349.327249,0.000019
2,raw,finalist,changed.depth_100,524288,7,1350.162620,0.000019
2,raw,finalist,changed.depth_100,524288,8,1342.883934,0.000019
2,raw,finalist,changed.depth_100,524288,9,1329.860424,0.000019
2,public,reference,changed.depth_100,524288,1,1164.464720,6.000019
2,public,reference,changed.depth_100,524288,2,1164.600235,6.000019
2,public,reference,changed.depth_100,524288,3,1144.544512,6.000019
2,public,reference,changed.depth_100,524288,4,1132.541911,6.000019
2,public,reference,changed.depth_100,524288,5,1132.703801,6.000019
2,public,reference,changed.depth_100,524288,6,1132.248144,6.000019
2,public,reference,changed.depth_100,524288,7,1132.585567,6.000019
2,public,reference,changed.depth_100,524288,8,1132.272700,6.000019
2,public,reference,changed.depth_100,524288,9,1113.613052,6.000019
2,public,finalist,changed.depth_100,32768,1,24241.795472,7124.002563
2,public,finalist,changed.depth_100,32768,2,24289.278372,7124.002563
2,public,finalist,changed.depth_100,32768,3,24262.575607,7124.002563
2,public,finalist,changed.depth_100,32768,4,24259.643396,7124.002563
2,public,finalist,changed.depth_100,32768,5,24309.418222,7124.002563
2,public,finalist,changed.depth_100,32768,6,24287.779524,7124.002563
2,public,finalist,changed.depth_100,32768,7,24313.594622,7124.002563
2,public,finalist,changed.depth_100,32768,8,24286.870030,7124.002563
2,public,finalist,changed.depth_100,32768,9,24305.845727,7124.002563
2,raw,reference,cutoff.depth_10,16777216,1,32.887286,0.000001
2,raw,reference,cutoff.depth_10,16777216,2,32.906712,0.000001
2,raw,reference,cutoff.depth_10,16777216,3,32.894079,0.000001
2,raw,reference,cutoff.depth_10,16777216,4,32.902776,0.000001
2,raw,reference,cutoff.depth_10,16777216,5,32.932874,0.000001
2,raw,reference,cutoff.depth_10,16777216,6,32.921207,0.000001
2,raw,reference,cutoff.depth_10,16777216,7,32.899976,0.000001
2,raw,reference,cutoff.depth_10,16777216,8,32.892643,0.000001
2,raw,reference,cutoff.depth_10,16777216,9,32.902719,0.000001
2,raw,finalist,cutoff.depth_10,16777216,1,48.897022,0.000001
2,raw,finalist,cutoff.depth_10,16777216,2,48.865914,0.000001
2,raw,finalist,cutoff.depth_10,16777216,3,48.905250,0.000001
2,raw,finalist,cutoff.depth_10,16777216,4,48.914188,0.000001
2,raw,finalist,cutoff.depth_10,16777216,5,48.885880,0.000001
2,raw,finalist,cutoff.depth_10,16777216,6,48.872351,0.000001
2,raw,finalist,cutoff.depth_10,16777216,7,50.934077,0.000001
2,raw,finalist,cutoff.depth_10,16777216,8,50.371298,0.000001
2,raw,finalist,cutoff.depth_10,16777216,9,48.586671,0.000001
2,public,reference,cutoff.depth_10,16777216,1,32.904680,0.000001
2,public,reference,cutoff.depth_10,16777216,2,32.886021,0.000001
2,public,reference,cutoff.depth_10,16777216,3,32.886746,0.000001
2,public,reference,cutoff.depth_10,16777216,4,32.874652,0.000001
2,public,reference,cutoff.depth_10,16777216,5,32.049897,0.000001
2,public,reference,cutoff.depth_10,16777216,6,30.862026,0.000001
2,public,reference,cutoff.depth_10,16777216,7,30.843381,0.000001
2,public,reference,cutoff.depth_10,16777216,8,30.844447,0.000001
2,public,reference,cutoff.depth_10,16777216,9,30.860548,0.000001
2,public,finalist,cutoff.depth_10,131072,1,4192.161214,2351.000641
2,public,finalist,cutoff.depth_10,131072,2,4212.166459,2351.000641
2,public,finalist,cutoff.depth_10,131072,3,4216.719390,2351.000641
2,public,finalist,cutoff.depth_10,131072,4,4220.710252,2351.000641
2,public,finalist,cutoff.depth_10,131072,5,4215.698937,2351.000641
2,public,finalist,cutoff.depth_10,131072,6,4200.934200,2351.000641
2,public,finalist,cutoff.depth_10,131072,7,4247.604011,2351.000641
2,public,finalist,cutoff.depth_10,131072,8,4185.067155,2351.000641
2,public,finalist,cutoff.depth_10,131072,9,4223.969881,2351.000641
2,raw,reference,dynamic.switch,4194304,1,147.007711,49.000002
2,raw,reference,dynamic.switch,4194304,2,149.938330,49.000002
2,raw,reference,dynamic.switch,4194304,3,141.036992,49.000002
2,raw,reference,dynamic.switch,4194304,4,144.228238,49.000002
2,raw,reference,dynamic.switch,4194304,5,141.436828,49.000002
2,raw,reference,dynamic.switch,4194304,6,142.514921,49.000002
2,raw,reference,dynamic.switch,4194304,7,143.624561,49.000002
2,raw,reference,dynamic.switch,4194304,8,140.951158,49.000002
2,raw,reference,dynamic.switch,4194304,9,144.413718,49.000002
2,raw,finalist,dynamic.switch,4194304,1,125.874806,47.000002
2,raw,finalist,dynamic.switch,4194304,2,125.784652,47.000002
2,raw,finalist,dynamic.switch,4194304,3,125.414601,47.000002
2,raw,finalist,dynamic.switch,4194304,4,126.235705,47.000002
2,raw,finalist,dynamic.switch,4194304,5,127.089265,47.000002
2,raw,finalist,dynamic.switch,4194304,6,126.079556,47.000002
2,raw,finalist,dynamic.switch,4194304,7,126.329155,47.000002
2,raw,finalist,dynamic.switch,4194304,8,126.204270,47.000002
2,raw,finalist,dynamic.switch,4194304,9,125.786983,47.000002
2,public,reference,dynamic.switch,4194304,1,139.512110,49.000002
2,public,reference,dynamic.switch,4194304,2,142.088652,49.000002
2,public,reference,dynamic.switch,4194304,3,140.219697,49.000002
2,public,reference,dynamic.switch,4194304,4,144.919852,49.000002
2,public,reference,dynamic.switch,4194304,5,142.527313,49.000002
2,public,reference,dynamic.switch,4194304,6,143.114562,49.000002
2,public,reference,dynamic.switch,4194304,7,145.602257,49.000002
2,public,reference,dynamic.switch,4194304,8,143.257182,49.000002
2,public,reference,dynamic.switch,4194304,9,145.452759,49.000002
2,public,finalist,dynamic.switch,16384,1,133308.290970,4073.007507
2,public,finalist,dynamic.switch,16384,2,148998.835357,4081.005188
2,public,finalist,dynamic.switch,16384,3,174650.151166,4073.005127
2,public,finalist,dynamic.switch,16384,4,187144.236406,4073.005127
2,public,finalist,dynamic.switch,16384,5,244768.074481,4073.005127
2,public,finalist,dynamic.switch,16384,6,263325.928245,4089.007874
2,public,finalist,dynamic.switch,16384,7,300760.977552,4073.005127
2,public,finalist,dynamic.switch,16384,8,392513.669794,4073.005127
2,public,finalist,dynamic.switch,16384,9,391717.287130,4073.005127
2,raw,reference,map.data_change.10000,2097152,1,296.411940,186.000005
2,raw,reference,map.data_change.10000,2097152,2,298.929194,186.000005
2,raw,reference,map.data_change.10000,2097152,3,301.056389,186.000005
2,raw,reference,map.data_change.10000,2097152,4,306.784727,186.000005
2,raw,reference,map.data_change.10000,2097152,5,306.242441,186.000005
2,raw,reference,map.data_change.10000,2097152,6,307.080313,186.000005
2,raw,reference,map.data_change.10000,2097152,7,300.541387,186.000005
2,raw,reference,map.data_change.10000,2097152,8,299.931571,186.000005
2,raw,reference,map.data_change.10000,2097152,9,301.005798,186.000005
2,raw,finalist,map.data_change.10000,4194304,1,222.065239,214.000002
2,raw,finalist,map.data_change.10000,4194304,2,224.299185,214.000002
2,raw,finalist,map.data_change.10000,4194304,3,222.264759,214.000002
2,raw,finalist,map.data_change.10000,4194304,4,226.059910,214.000002
2,raw,finalist,map.data_change.10000,4194304,5,225.811675,214.000002
2,raw,finalist,map.data_change.10000,4194304,6,221.484470,214.000002
2,raw,finalist,map.data_change.10000,4194304,7,221.099583,214.000002
2,raw,finalist,map.data_change.10000,4194304,8,224.309872,214.000002
2,raw,finalist,map.data_change.10000,4194304,9,220.870220,214.000002
2,public,reference,map.data_change.10000,2097152,1,295.475047,186.000005
2,public,reference,map.data_change.10000,2097152,2,298.793339,186.000005
2,public,reference,map.data_change.10000,2097152,3,298.092914,186.000005
2,public,reference,map.data_change.10000,2097152,4,295.555651,186.000005
2,public,reference,map.data_change.10000,2097152,5,296.866460,186.000005
2,public,reference,map.data_change.10000,2097152,6,299.471822,186.000005
2,public,reference,map.data_change.10000,2097152,7,295.702534,186.000005
2,public,reference,map.data_change.10000,2097152,8,297.906809,186.000005
2,public,reference,map.data_change.10000,2097152,9,297.379529,186.000005
2,public,finalist,map.data_change.10000,4096,1,168683.822267,4257.020508
2,public,finalist,map.data_change.10000,4096,2,167721.707840,4257.020508
2,public,finalist,map.data_change.10000,4096,3,167847.436387,4257.020508
2,public,finalist,map.data_change.10000,4096,4,167899.415828,4257.020508
2,public,finalist,map.data_change.10000,4096,5,168024.445884,4257.020508
2,public,finalist,map.data_change.10000,4096,6,167818.856426,4257.020508
2,public,finalist,map.data_change.10000,4096,7,167781.778146,4257.020508
2,public,finalist,map.data_change.10000,4096,8,169384.758919,4257.020508
2,public,finalist,map.data_change.10000,4096,9,168779.748492,4257.020508
2,raw,reference,map.data_change.100000,2097152,1,348.148319,234.000005
2,raw,reference,map.data_change.100000,2097152,2,337.278948,234.000005
2,raw,reference,map.data_change.100000,2097152,3,339.150461,234.000005
2,raw,reference,map.data_change.100000,2097152,4,340.070642,234.000005
2,raw,reference,map.data_change.100000,2097152,5,340.845531,234.000005
2,raw,reference,map.data_change.100000,2097152,6,340.846100,234.000005
2,raw,reference,map.data_change.100000,2097152,7,341.129407,234.000005
2,raw,reference,map.data_change.100000,2097152,8,348.532126,234.000005
2,raw,reference,map.data_change.100000,2097152,9,327.850444,234.000005
2,raw,finalist,map.data_change.100000,2097152,1,257.888360,262.000005
2,raw,finalist,map.data_change.100000,2097152,2,257.492047,262.000005
2,raw,finalist,map.data_change.100000,2097152,3,257.006150,262.000005
2,raw,finalist,map.data_change.100000,2097152,4,257.681336,262.000005
2,raw,finalist,map.data_change.100000,2097152,5,257.834927,262.000005
2,raw,finalist,map.data_change.100000,2097152,6,258.537852,262.000005
2,raw,finalist,map.data_change.100000,2097152,7,256.905082,262.000005
2,raw,finalist,map.data_change.100000,2097152,8,256.460567,262.000005
2,raw,finalist,map.data_change.100000,2097152,9,256.990916,262.000005
2,public,reference,map.data_change.100000,2097152,1,343.762395,234.000005
2,public,reference,map.data_change.100000,2097152,2,345.364128,234.000005
2,public,reference,map.data_change.100000,2097152,3,345.664489,234.000005
2,public,reference,map.data_change.100000,2097152,4,345.215312,234.000005
2,public,reference,map.data_change.100000,2097152,5,345.575813,234.000005
2,public,reference,map.data_change.100000,2097152,6,344.538648,234.000005
2,public,reference,map.data_change.100000,2097152,7,344.369482,234.000005
2,public,reference,map.data_change.100000,2097152,8,343.962711,234.000005
2,public,reference,map.data_change.100000,2097152,9,340.643396,234.000005
2,public,finalist,map.data_change.100000,256,1,3623207.099736,4349.328125
2,public,finalist,map.data_change.100000,256,2,3581941.127777,4349.328125
2,public,finalist,map.data_change.100000,256,3,3572659.566998,4349.328125
2,public,finalist,map.data_change.100000,256,4,3621781.244874,4349.328125
2,public,finalist,map.data_change.100000,256,5,3582321.107388,4349.328125
2,public,finalist,map.data_change.100000,256,6,3554835.915565,4349.328125
2,public,finalist,map.data_change.100000,256,7,3561281.599104,4349.328125
2,public,finalist,map.data_change.100000,256,8,3581468.947232,4349.328125
2,public,finalist,map.data_change.100000,256,9,3561055.287719,4349.328125
2,raw,reference,map.membership_change.10000,2097152,1,480.987978,349.500005
2,raw,reference,map.membership_change.10000,2097152,2,486.735871,349.500005
2,raw,reference,map.membership_change.10000,2097152,3,488.140586,349.500005
2,raw,reference,map.membership_change.10000,2097152,4,478.145125,349.500005
2,raw,reference,map.membership_change.10000,2097152,5,472.454531,349.500005
2,raw,reference,map.membership_change.10000,2097152,6,465.090238,349.500005
2,raw,reference,map.membership_change.10000,2097152,7,468.800067,349.500005
2,raw,reference,map.membership_change.10000,2097152,8,470.243435,349.500005
2,raw,reference,map.membership_change.10000,2097152,9,468.855433,349.500005
2,raw,finalist,map.membership_change.10000,2097152,1,291.761353,368.000005
2,raw,finalist,map.membership_change.10000,2097152,2,292.552500,368.000005
2,raw,finalist,map.membership_change.10000,2097152,3,287.297780,368.000005
2,raw,finalist,map.membership_change.10000,2097152,4,286.716499,368.000005
2,raw,finalist,map.membership_change.10000,2097152,5,287.015951,368.000005
2,raw,finalist,map.membership_change.10000,2097152,6,287.226271,368.000005
2,raw,finalist,map.membership_change.10000,2097152,7,285.436158,368.000005
2,raw,finalist,map.membership_change.10000,2097152,8,287.180342,368.000005
2,raw,finalist,map.membership_change.10000,2097152,9,288.494562,368.000005
2,public,reference,map.membership_change.10000,1048576,1,484.515112,349.500010
2,public,reference,map.membership_change.10000,1048576,2,490.160119,349.500010
2,public,reference,map.membership_change.10000,1048576,3,484.410293,349.500010
2,public,reference,map.membership_change.10000,1048576,4,480.751851,349.500010
2,public,reference,map.membership_change.10000,1048576,5,491.932724,349.500010
2,public,reference,map.membership_change.10000,1048576,6,490.659659,349.500010
2,public,reference,map.membership_change.10000,1048576,7,484.584689,349.500010
2,public,reference,map.membership_change.10000,1048576,8,484.378916,349.500010
2,public,reference,map.membership_change.10000,1048576,9,475.824436,349.500010
2,public,finalist,map.membership_change.10000,4096,1,171694.555320,4495.020508
2,public,finalist,map.membership_change.10000,4096,2,171389.139723,4495.020508
2,public,finalist,map.membership_change.10000,4096,3,171243.911609,4495.020508
2,public,finalist,map.membership_change.10000,4096,4,171367.195435,4495.020508
2,public,finalist,map.membership_change.10000,4096,5,171421.852428,4495.020508
2,public,finalist,map.membership_change.10000,4096,6,171294.435859,4495.020508
2,public,finalist,map.membership_change.10000,4096,7,171577.150468,4495.020508
2,public,finalist,map.membership_change.10000,4096,8,171570.805833,4495.020508
2,public,finalist,map.membership_change.10000,4096,9,171322.491951,4495.020508
2,raw,reference,map.membership_change.100000,1048576,1,577.782657,439.500010
2,raw,reference,map.membership_change.100000,1048576,2,578.267191,439.500010
2,raw,reference,map.membership_change.100000,1048576,3,578.743084,439.500010
2,raw,reference,map.membership_change.100000,1048576,4,578.488198,439.500010
2,raw,reference,map.membership_change.100000,1048576,5,580.756250,439.500010
2,raw,reference,map.membership_change.100000,1048576,6,580.245114,439.500010
2,raw,reference,map.membership_change.100000,1048576,7,580.580718,439.500010
2,raw,reference,map.membership_change.100000,1048576,8,582.409029,439.500010
2,raw,reference,map.membership_change.100000,1048576,9,583.004066,439.500010
2,raw,finalist,map.membership_change.100000,2097152,1,320.716367,422.000005
2,raw,finalist,map.membership_change.100000,2097152,2,319.994456,422.000005
2,raw,finalist,map.membership_change.100000,2097152,3,319.188985,422.000005
2,raw,finalist,map.membership_change.100000,2097152,4,324.493385,422.000005
2,raw,finalist,map.membership_change.100000,2097152,5,326.227109,422.000005
2,raw,finalist,map.membership_change.100000,2097152,6,327.094995,422.000005
2,raw,finalist,map.membership_change.100000,2097152,7,324.397547,422.000005
2,raw,finalist,map.membership_change.100000,2097152,8,318.599632,422.000005
2,raw,finalist,map.membership_change.100000,2097152,9,319.502419,422.000005
2,public,reference,map.membership_change.100000,1048576,1,569.963504,439.500010
2,public,reference,map.membership_change.100000,1048576,2,571.835471,439.500010
2,public,reference,map.membership_change.100000,1048576,3,562.599098,439.500010
2,public,reference,map.membership_change.100000,1048576,4,559.593218,439.500010
2,public,reference,map.membership_change.100000,1048576,5,559.508408,439.500010
2,public,reference,map.membership_change.100000,1048576,6,562.429477,439.500010
2,public,reference,map.membership_change.100000,1048576,7,567.191137,439.500010
2,public,reference,map.membership_change.100000,1048576,8,570.978273,439.500010
2,public,reference,map.membership_change.100000,1048576,9,558.646207,439.500010
2,public,finalist,map.membership_change.100000,256,1,3623355.180025,4628.328125
2,public,finalist,map.membership_change.100000,256,2,3579140.640795,4628.328125
2,public,finalist,map.membership_change.100000,256,3,3621464.595199,4628.328125
2,public,finalist,map.membership_change.100000,256,4,3612421.452999,4628.328125
2,public,finalist,map.membership_change.100000,256,5,3623027.354479,4628.328125
2,public,finalist,map.membership_change.100000,256,6,3595980.815589,4628.328125
2,public,finalist,map.membership_change.100000,256,7,3630578.517914,4628.328125
2,public,finalist,map.membership_change.100000,256,8,3623363.561928,4628.328125
2,public,finalist,map.membership_change.100000,256,9,3642050.549388,4628.328125
2,raw,reference,map.child_change.10000,8388608,1,119.366518,84.000001
2,raw,reference,map.child_change.10000,8388608,2,120.946282,84.000001
2,raw,reference,map.child_change.10000,8388608,3,119.041687,84.000001
2,raw,reference,map.child_change.10000,8388608,4,117.595079,84.000001
2,raw,reference,map.child_change.10000,8388608,5,119.425891,84.000001
2,raw,reference,map.child_change.10000,8388608,6,120.102413,84.000001
2,raw,reference,map.child_change.10000,8388608,7,118.341092,84.000001
2,raw,reference,map.child_change.10000,8388608,8,114.431487,84.000001
2,raw,reference,map.child_change.10000,8388608,9,114.570724,84.000001
2,raw,finalist,map.child_change.10000,8388608,1,116.217137,89.000001
2,raw,finalist,map.child_change.10000,8388608,2,116.229302,89.000001
2,raw,finalist,map.child_change.10000,8388608,3,116.231433,89.000001
2,raw,finalist,map.child_change.10000,8388608,4,116.833917,89.000001
2,raw,finalist,map.child_change.10000,8388608,5,116.673363,89.000001
2,raw,finalist,map.child_change.10000,8388608,6,116.568572,89.000001
2,raw,finalist,map.child_change.10000,8388608,7,116.657873,89.000001
2,raw,finalist,map.child_change.10000,8388608,8,116.755132,89.000001
2,raw,finalist,map.child_change.10000,8388608,9,116.715540,89.000001
2,public,reference,map.child_change.10000,8388608,1,113.950506,84.000001
2,public,reference,map.child_change.10000,8388608,2,113.867742,84.000001
2,public,reference,map.child_change.10000,8388608,3,114.131325,84.000001
2,public,reference,map.child_change.10000,8388608,4,113.539926,84.000001
2,public,reference,map.child_change.10000,8388608,5,111.839540,84.000001
2,public,reference,map.child_change.10000,8388608,6,113.404269,84.000001
2,public,reference,map.child_change.10000,8388608,7,113.173968,84.000001
2,public,reference,map.child_change.10000,8388608,8,113.775258,84.000001
2,public,reference,map.child_change.10000,8388608,9,114.496089,84.000001
2,public,finalist,map.child_change.10000,1024,1,684542.115778,3944.082031
2,public,finalist,map.child_change.10000,1024,2,678567.448631,3944.082031
2,public,finalist,map.child_change.10000,1024,3,676368.363202,3944.082031
2,public,finalist,map.child_change.10000,1024,4,683929.771185,3944.082031
2,public,finalist,map.child_change.10000,1024,5,678363.256156,3944.082031
2,public,finalist,map.child_change.10000,1024,6,677583.040670,3944.082031
2,public,finalist,map.child_change.10000,1024,7,677087.111399,3944.082031
2,public,finalist,map.child_change.10000,1024,8,677430.536598,3944.082031
2,public,finalist,map.child_change.10000,1024,9,673885.922879,3944.082031
2,raw,reference,map.child_change.100000,4194304,1,130.923524,108.000002
2,raw,reference,map.child_change.100000,4194304,2,131.670447,108.000002
2,raw,reference,map.child_change.100000,4194304,3,127.744215,108.000002
2,raw,reference,map.child_change.100000,4194304,4,127.672479,108.000002
2,raw,reference,map.child_change.100000,4194304,5,128.296847,108.000002
2,raw,reference,map.child_change.100000,4194304,6,128.958902,108.000002
2,raw,reference,map.child_change.100000,4194304,7,127.904912,108.000002
2,raw,reference,map.child_change.100000,4194304,8,131.133334,108.000002
2,raw,reference,map.child_change.100000,4194304,9,131.951822,108.000002
2,raw,finalist,map.child_change.100000,4194304,1,124.757264,113.000002
2,raw,finalist,map.child_change.100000,4194304,2,124.214182,113.000002
2,raw,finalist,map.child_change.100000,4194304,3,123.064524,113.000002
2,raw,finalist,map.child_change.100000,4194304,4,122.703796,113.000002
2,raw,finalist,map.child_change.100000,4194304,5,122.608697,113.000002
2,raw,finalist,map.child_change.100000,4194304,6,122.652295,113.000002
2,raw,finalist,map.child_change.100000,4194304,7,122.829931,113.000002
2,raw,finalist,map.child_change.100000,4194304,8,121.537198,113.000002
2,raw,finalist,map.child_change.100000,4194304,9,122.607446,113.000002
2,public,reference,map.child_change.100000,4194304,1,126.291070,108.000002
2,public,reference,map.child_change.100000,4194304,2,126.883037,108.000002
2,public,reference,map.child_change.100000,4194304,3,126.458929,108.000002
2,public,reference,map.child_change.100000,4194304,4,128.152351,108.000002
2,public,reference,map.child_change.100000,4194304,5,128.308727,108.000002
2,public,reference,map.child_change.100000,4194304,6,130.207525,108.000002
2,public,reference,map.child_change.100000,4194304,7,130.057344,108.000002
2,public,reference,map.child_change.100000,4194304,8,130.471221,108.000002
2,public,reference,map.child_change.100000,4194304,9,128.394390,108.000002
2,public,finalist,map.child_change.100000,64,1,15656545.758247,3969.312500
2,public,finalist,map.child_change.100000,64,2,15843689.441681,3969.312500
2,public,finalist,map.child_change.100000,64,3,15690296.888351,3969.312500
2,public,finalist,map.child_change.100000,64,4,15789810.568094,3969.312500
2,public,finalist,map.child_change.100000,64,5,15719704.329967,3969.312500
2,public,finalist,map.child_change.100000,64,6,15912543.982267,3969.312500
2,public,finalist,map.child_change.100000,64,7,15880763.530731,3969.312500
2,public,finalist,map.child_change.100000,64,8,15876751.393080,3969.312500
2,public,finalist,map.child_change.100000,64,9,15809014.439583,3969.312500
3,raw,reference,changed.depth_1,16777216,1,54.674331,6.000001
3,raw,reference,changed.depth_1,16777216,2,54.666700,6.000001
3,raw,reference,changed.depth_1,16777216,3,54.677727,6.000001
3,raw,reference,changed.depth_1,16777216,4,52.816091,6.000001
3,raw,reference,changed.depth_1,16777216,5,51.184415,6.000001
3,raw,reference,changed.depth_1,16777216,6,51.113375,6.000001
3,raw,reference,changed.depth_1,16777216,7,51.159986,6.000001
3,raw,reference,changed.depth_1,16777216,8,51.250865,6.000001
3,raw,reference,changed.depth_1,16777216,9,51.577558,6.000001
3,raw,finalist,changed.depth_1,16777216,1,49.493792,0.000001
3,raw,finalist,changed.depth_1,16777216,2,49.458919,0.000001
3,raw,finalist,changed.depth_1,16777216,3,49.391801,0.000001
3,raw,finalist,changed.depth_1,16777216,4,49.410758,0.000001
3,raw,finalist,changed.depth_1,16777216,5,49.356515,0.000001
3,raw,finalist,changed.depth_1,16777216,6,49.343598,0.000001
3,raw,finalist,changed.depth_1,16777216,7,49.318132,0.000001
3,raw,finalist,changed.depth_1,16777216,8,49.402118,0.000001
3,raw,finalist,changed.depth_1,16777216,9,49.393591,0.000001
3,public,reference,changed.depth_1,16777216,1,51.569643,6.000001
3,public,reference,changed.depth_1,16777216,2,51.834292,6.000001
3,public,reference,changed.depth_1,16777216,3,51.641052,6.000001
3,public,reference,changed.depth_1,16777216,4,51.495959,6.000001
3,public,reference,changed.depth_1,16777216,5,51.277823,6.000001
3,public,reference,changed.depth_1,16777216,6,51.566246,6.000001
3,public,reference,changed.depth_1,16777216,7,51.489820,6.000001
3,public,reference,changed.depth_1,16777216,8,50.956203,6.000001
3,public,reference,changed.depth_1,16777216,9,51.089344,6.000001
3,public,finalist,changed.depth_1,131072,1,5761.245120,3833.000641
3,public,finalist,changed.depth_1,131072,2,5762.238288,3833.000641
3,public,finalist,changed.depth_1,131072,3,5779.480489,3833.000641
3,public,finalist,changed.depth_1,131072,4,5797.819540,3833.000641
3,public,finalist,changed.depth_1,131072,5,5820.991646,3833.000641
3,public,finalist,changed.depth_1,131072,6,5801.253792,3833.000641
3,public,finalist,changed.depth_1,131072,7,5743.057045,3833.000641
3,public,finalist,changed.depth_1,131072,8,5749.847332,3833.000641
3,public,finalist,changed.depth_1,131072,9,5750.862329,3833.000641
3,raw,reference,changed.depth_10,4194304,1,136.672270,6.000002
3,raw,reference,changed.depth_10,4194304,2,136.958818,6.000002
3,raw,reference,changed.depth_10,4194304,3,136.911865,6.000002
3,raw,reference,changed.depth_10,4194304,4,136.893050,6.000002
3,raw,reference,changed.depth_10,4194304,5,137.023903,6.000002
3,raw,reference,changed.depth_10,4194304,6,136.235940,6.000002
3,raw,reference,changed.depth_10,4194304,7,136.286985,6.000002
3,raw,reference,changed.depth_10,4194304,8,135.867140,6.000002
3,raw,reference,changed.depth_10,4194304,9,139.845383,6.000002
3,raw,finalist,changed.depth_10,4194304,1,164.040046,0.000002
3,raw,finalist,changed.depth_10,4194304,2,163.976210,0.000002
3,raw,finalist,changed.depth_10,4194304,3,161.386481,0.000002
3,raw,finalist,changed.depth_10,4194304,4,159.878027,0.000002
3,raw,finalist,changed.depth_10,4194304,5,160.830496,0.000002
3,raw,finalist,changed.depth_10,4194304,6,159.241210,0.000002
3,raw,finalist,changed.depth_10,4194304,7,159.213755,0.000002
3,raw,finalist,changed.depth_10,4194304,8,159.062893,0.000002
3,raw,finalist,changed.depth_10,4194304,9,160.439299,0.000002
3,public,reference,changed.depth_10,4194304,1,117.567083,6.000002
3,public,reference,changed.depth_10,4194304,2,117.932075,6.000002
3,public,reference,changed.depth_10,4194304,3,118.630169,6.000002
3,public,reference,changed.depth_10,4194304,4,117.653144,6.000002
3,public,reference,changed.depth_10,4194304,5,117.423042,6.000002
3,public,reference,changed.depth_10,4194304,6,117.387970,6.000002
3,public,reference,changed.depth_10,4194304,7,118.802063,6.000002
3,public,reference,changed.depth_10,4194304,8,120.386630,6.000002
3,public,reference,changed.depth_10,4194304,9,120.517484,6.000002
3,public,finalist,changed.depth_10,131072,1,6894.204489,4058.000641
3,public,finalist,changed.depth_10,131072,2,6889.611541,4058.000641
3,public,finalist,changed.depth_10,131072,3,6884.651157,4058.000641
3,public,finalist,changed.depth_10,131072,4,6915.435733,4058.000641
3,public,finalist,changed.depth_10,131072,5,6864.478564,4058.000641
3,public,finalist,changed.depth_10,131072,6,6873.589882,4058.000641
3,public,finalist,changed.depth_10,131072,7,6879.912689,4058.000641
3,public,finalist,changed.depth_10,131072,8,6886.031770,4058.000641
3,public,finalist,changed.depth_10,131072,9,6900.307199,4058.000641
3,raw,reference,changed.depth_100,524288,1,1159.469321,6.000019
3,raw,reference,changed.depth_100,524288,2,1162.018179,6.000019
3,raw,reference,changed.depth_100,524288,3,1130.590590,6.000019
3,raw,reference,changed.depth_100,524288,4,1133.234036,6.000019
3,raw,reference,changed.depth_100,524288,5,1132.511443,6.000019
3,raw,reference,changed.depth_100,524288,6,1116.647582,6.000019
3,raw,reference,changed.depth_100,524288,7,1110.389803,6.000019
3,raw,reference,changed.depth_100,524288,8,1110.956418,6.000019
3,raw,reference,changed.depth_100,524288,9,1130.401870,6.000019
3,raw,finalist,changed.depth_100,524288,1,1341.329607,0.000019
3,raw,finalist,changed.depth_100,524288,2,1343.938948,0.000019
3,raw,finalist,changed.depth_100,524288,3,1337.871709,0.000019
3,raw,finalist,changed.depth_100,524288,4,1334.495664,0.000019
3,raw,finalist,changed.depth_100,524288,5,1331.357907,0.000019
3,raw,finalist,changed.depth_100,524288,6,1335.670277,0.000019
3,raw,finalist,changed.depth_100,524288,7,1334.119588,0.000019
3,raw,finalist,changed.depth_100,524288,8,1334.125500,0.000019
3,raw,finalist,changed.depth_100,524288,9,1333.616638,0.000019
3,public,reference,changed.depth_100,524288,1,1026.235623,6.000019
3,public,reference,changed.depth_100,524288,2,1018.196144,6.000019
3,public,reference,changed.depth_100,524288,3,1017.450359,6.000019
3,public,reference,changed.depth_100,524288,4,1015.623184,6.000019
3,public,reference,changed.depth_100,524288,5,1014.240297,6.000019
3,public,reference,changed.depth_100,524288,6,1014.032023,6.000019
3,public,reference,changed.depth_100,524288,7,1019.266165,6.000019
3,public,reference,changed.depth_100,524288,8,1020.187028,6.000019
3,public,reference,changed.depth_100,524288,9,1019.403499,6.000019
3,public,finalist,changed.depth_100,32768,1,24236.389436,7124.002563
3,public,finalist,changed.depth_100,32768,2,24227.876565,7124.002563
3,public,finalist,changed.depth_100,32768,3,24307.249987,7124.002563
3,public,finalist,changed.depth_100,32768,4,24291.621230,7124.002563
3,public,finalist,changed.depth_100,32768,5,24269.102141,7124.002563
3,public,finalist,changed.depth_100,32768,6,24394.590582,7124.002563
3,public,finalist,changed.depth_100,32768,7,24440.618290,7124.002563
3,public,finalist,changed.depth_100,32768,8,24216.402380,7124.002563
3,public,finalist,changed.depth_100,32768,9,24261.113140,7124.002563
3,raw,reference,cutoff.depth_10,16777216,1,32.639448,0.000001
3,raw,reference,cutoff.depth_10,16777216,2,32.583188,0.000001
3,raw,reference,cutoff.depth_10,16777216,3,32.461884,0.000001
3,raw,reference,cutoff.depth_10,16777216,4,32.456882,0.000001
3,raw,reference,cutoff.depth_10,16777216,5,32.445556,0.000001
3,raw,reference,cutoff.depth_10,16777216,6,32.444419,0.000001
3,raw,reference,cutoff.depth_10,16777216,7,32.511110,0.000001
3,raw,reference,cutoff.depth_10,16777216,8,32.462367,0.000001
3,raw,reference,cutoff.depth_10,16777216,9,32.464627,0.000001
3,raw,finalist,cutoff.depth_10,16777216,1,49.108280,0.000001
3,raw,finalist,cutoff.depth_10,16777216,2,48.749385,0.000001
3,raw,finalist,cutoff.depth_10,16777216,3,48.742223,0.000001
3,raw,finalist,cutoff.depth_10,16777216,4,48.719883,0.000001
3,raw,finalist,cutoff.depth_10,16777216,5,48.784017,0.000001
3,raw,finalist,cutoff.depth_10,16777216,6,48.677265,0.000001
3,raw,finalist,cutoff.depth_10,16777216,7,48.678103,0.000001
3,raw,finalist,cutoff.depth_10,16777216,8,48.830202,0.000001
3,raw,finalist,cutoff.depth_10,16777216,9,48.668738,0.000001
3,public,reference,cutoff.depth_10,16777216,1,31.510652,0.000001
3,public,reference,cutoff.depth_10,16777216,2,30.941663,0.000001
3,public,reference,cutoff.depth_10,16777216,3,31.021059,0.000001
3,public,reference,cutoff.depth_10,16777216,4,30.906136,0.000001
3,public,reference,cutoff.depth_10,16777216,5,30.865550,0.000001
3,public,reference,cutoff.depth_10,16777216,6,30.843438,0.000001
3,public,reference,cutoff.depth_10,16777216,7,30.862154,0.000001
3,public,reference,cutoff.depth_10,16777216,8,30.847843,0.000001
3,public,reference,cutoff.depth_10,16777216,9,30.856199,0.000001
3,public,finalist,cutoff.depth_10,131072,1,4200.102921,2351.000641
3,public,finalist,cutoff.depth_10,131072,2,4234.649168,2351.000641
3,public,finalist,cutoff.depth_10,131072,3,4243.354851,2351.000641
3,public,finalist,cutoff.depth_10,131072,4,4210.867701,2351.000641
3,public,finalist,cutoff.depth_10,131072,5,4204.437573,2351.000641
3,public,finalist,cutoff.depth_10,131072,6,4201.621778,2351.000641
3,public,finalist,cutoff.depth_10,131072,7,4217.115929,2351.000641
3,public,finalist,cutoff.depth_10,131072,8,4207.093298,2351.000641
3,public,finalist,cutoff.depth_10,131072,9,4233.710570,2351.000641
3,raw,reference,dynamic.switch,4194304,1,142.355930,49.000002
3,raw,reference,dynamic.switch,4194304,2,145.820593,49.000002
3,raw,reference,dynamic.switch,4194304,3,142.357806,49.000002
3,raw,reference,dynamic.switch,4194304,4,146.375442,49.000002
3,raw,reference,dynamic.switch,4194304,5,144.308103,49.000002
3,raw,reference,dynamic.switch,4194304,6,144.220337,49.000002
3,raw,reference,dynamic.switch,4194304,7,145.960371,49.000002
3,raw,reference,dynamic.switch,4194304,8,143.609498,49.000002
3,raw,reference,dynamic.switch,4194304,9,146.732532,49.000002
3,raw,finalist,dynamic.switch,4194304,1,123.183497,47.000002
3,raw,finalist,dynamic.switch,4194304,2,123.087432,47.000002
3,raw,finalist,dynamic.switch,4194304,3,123.176562,47.000002
3,raw,finalist,dynamic.switch,4194304,4,122.970562,47.000002
3,raw,finalist,dynamic.switch,4194304,5,123.589984,47.000002
3,raw,finalist,dynamic.switch,4194304,6,123.604252,47.000002
3,raw,finalist,dynamic.switch,4194304,7,123.521374,47.000002
3,raw,finalist,dynamic.switch,4194304,8,123.360394,47.000002
3,raw,finalist,dynamic.switch,4194304,9,122.730000,47.000002
3,public,reference,dynamic.switch,4194304,1,138.292080,49.000002
3,public,reference,dynamic.switch,4194304,2,145.479476,49.000002
3,public,reference,dynamic.switch,4194304,3,141.849512,49.000002
3,public,reference,dynamic.switch,4194304,4,144.901492,49.000002
3,public,reference,dynamic.switch,4194304,5,142.708586,49.000002
3,public,reference,dynamic.switch,4194304,6,142.589101,49.000002
3,public,reference,dynamic.switch,4194304,7,140.694169,49.000002
3,public,reference,dynamic.switch,4194304,8,142.385488,49.000002
3,public,reference,dynamic.switch,4194304,9,144.273770,49.000002
3,public,finalist,dynamic.switch,16384,1,116091.439850,4073.007507
3,public,finalist,dynamic.switch,16384,2,144144.112710,4081.005188
3,public,finalist,dynamic.switch,16384,3,179105.889401,4073.005127
3,public,finalist,dynamic.switch,16384,4,211301.827221,4073.005127
3,public,finalist,dynamic.switch,16384,5,243521.120865,4073.005127
3,public,finalist,dynamic.switch,16384,6,275368.947769,4089.007874
3,public,finalist,dynamic.switch,16384,7,306627.815007,4073.005127
3,public,finalist,dynamic.switch,16384,8,338274.912792,4073.005127
3,public,finalist,dynamic.switch,16384,9,370093.504898,4073.005127
3,raw,reference,map.data_change.10000,2097152,1,290.682806,186.000005
3,raw,reference,map.data_change.10000,2097152,2,280.436439,186.000005
3,raw,reference,map.data_change.10000,2097152,3,284.333282,186.000005
3,raw,reference,map.data_change.10000,2097152,4,288.229558,186.000005
3,raw,reference,map.data_change.10000,2097152,5,288.733872,186.000005
3,raw,reference,map.data_change.10000,2097152,6,288.949423,186.000005
3,raw,reference,map.data_change.10000,2097152,7,282.974725,186.000005
3,raw,reference,map.data_change.10000,2097152,8,282.487918,186.000005
3,raw,reference,map.data_change.10000,2097152,9,281.927669,186.000005
3,raw,finalist,map.data_change.10000,4194304,1,226.538646,214.000002
3,raw,finalist,map.data_change.10000,4194304,2,222.721610,214.000002
3,raw,finalist,map.data_change.10000,4194304,3,220.881930,214.000002
3,raw,finalist,map.data_change.10000,4194304,4,221.494417,214.000002
3,raw,finalist,map.data_change.10000,4194304,5,221.375956,214.000002
3,raw,finalist,map.data_change.10000,4194304,6,221.540915,214.000002
3,raw,finalist,map.data_change.10000,4194304,7,220.766310,214.000002
3,raw,finalist,map.data_change.10000,4194304,8,222.661981,214.000002
3,raw,finalist,map.data_change.10000,4194304,9,221.847245,214.000002
3,public,reference,map.data_change.10000,2097152,1,301.641876,186.000005
3,public,reference,map.data_change.10000,2097152,2,288.921456,186.000005
3,public,reference,map.data_change.10000,2097152,3,292.951199,186.000005
3,public,reference,map.data_change.10000,2097152,4,281.504072,186.000005
3,public,reference,map.data_change.10000,2097152,5,284.519729,186.000005
3,public,reference,map.data_change.10000,2097152,6,303.654701,186.000005
3,public,reference,map.data_change.10000,2097152,7,313.795113,186.000005
3,public,reference,map.data_change.10000,2097152,8,313.688815,186.000005
3,public,reference,map.data_change.10000,2097152,9,313.646296,186.000005
3,public,finalist,map.data_change.10000,4096,1,157030.532137,4257.020508
3,public,finalist,map.data_change.10000,4096,2,156834.488735,4257.020508
3,public,finalist,map.data_change.10000,4096,3,157027.621754,4257.020508
3,public,finalist,map.data_change.10000,4096,4,156900.845468,4257.020508
3,public,finalist,map.data_change.10000,4096,5,156776.863150,4257.020508
3,public,finalist,map.data_change.10000,4096,6,156951.660756,4257.020508
3,public,finalist,map.data_change.10000,4096,7,157240.952831,4257.020508
3,public,finalist,map.data_change.10000,4096,8,157363.014296,4257.020508
3,public,finalist,map.data_change.10000,4096,9,157467.555255,4257.020508
3,raw,reference,map.data_change.100000,2097152,1,356.727696,234.000005
3,raw,reference,map.data_change.100000,2097152,2,350.070877,234.000005
3,raw,reference,map.data_change.100000,2097152,3,348.826916,234.000005
3,raw,reference,map.data_change.100000,2097152,4,347.787363,234.000005
3,raw,reference,map.data_change.100000,2097152,5,347.629566,234.000005
3,raw,reference,map.data_change.100000,2097152,6,347.873652,234.000005
3,raw,reference,map.data_change.100000,2097152,7,348.017693,234.000005
3,raw,reference,map.data_change.100000,2097152,8,347.817945,234.000005
3,raw,reference,map.data_change.100000,2097152,9,349.432526,234.000005
3,raw,finalist,map.data_change.100000,2097152,1,248.631068,262.000005
3,raw,finalist,map.data_change.100000,2097152,2,250.022481,262.000005
3,raw,finalist,map.data_change.100000,2097152,3,247.825596,262.000005
3,raw,finalist,map.data_change.100000,2097152,4,247.784669,262.000005
3,raw,finalist,map.data_change.100000,2097152,5,247.799449,262.000005
3,raw,finalist,map.data_change.100000,2097152,6,248.136075,262.000005
3,raw,finalist,map.data_change.100000,2097152,7,248.131187,262.000005
3,raw,finalist,map.data_change.100000,2097152,8,249.345817,262.000005
3,raw,finalist,map.data_change.100000,2097152,9,246.925879,262.000005
3,public,reference,map.data_change.100000,2097152,1,361.150683,234.000005
3,public,reference,map.data_change.100000,2097152,2,360.130798,234.000005
3,public,reference,map.data_change.100000,2097152,3,347.966647,234.000005
3,public,reference,map.data_change.100000,2097152,4,341.020154,234.000005
3,public,reference,map.data_change.100000,2097152,5,344.014097,234.000005
3,public,reference,map.data_change.100000,2097152,6,347.618538,234.000005
3,public,reference,map.data_change.100000,2097152,7,348.197432,234.000005
3,public,reference,map.data_change.100000,2097152,8,348.525077,234.000005
3,public,reference,map.data_change.100000,2097152,9,352.952497,234.000005
3,public,finalist,map.data_change.100000,256,1,3262773.156166,4349.328125
3,public,finalist,map.data_change.100000,256,2,3237718.716264,4349.328125
3,public,finalist,map.data_change.100000,256,3,3232070.244849,4349.328125
3,public,finalist,map.data_change.100000,256,4,3222323.954105,4349.328125
3,public,finalist,map.data_change.100000,256,5,3249894.827604,4349.328125
3,public,finalist,map.data_change.100000,256,6,3187702.968717,4349.328125
3,public,finalist,map.data_change.100000,256,7,3258488.141000,4349.328125
3,public,finalist,map.data_change.100000,256,8,3270410.001278,4349.328125
3,public,finalist,map.data_change.100000,256,9,3209652.379155,4349.328125
3,raw,reference,map.membership_change.10000,1048576,1,481.355755,349.500010
3,raw,reference,map.membership_change.10000,1048576,2,480.049948,349.500010
3,raw,reference,map.membership_change.10000,1048576,3,472.965439,349.500010
3,raw,reference,map.membership_change.10000,1048576,4,474.670287,349.500010
3,raw,reference,map.membership_change.10000,1048576,5,479.676146,349.500010
3,raw,reference,map.membership_change.10000,1048576,6,478.035872,349.500010
3,raw,reference,map.membership_change.10000,1048576,7,474.300350,349.500010
3,raw,reference,map.membership_change.10000,1048576,8,482.471478,349.500010
3,raw,reference,map.membership_change.10000,1048576,9,485.676765,349.500010
3,raw,finalist,map.membership_change.10000,2097152,1,287.849844,368.000005
3,raw,finalist,map.membership_change.10000,2097152,2,288.369165,368.000005
3,raw,finalist,map.membership_change.10000,2097152,3,286.636350,368.000005
3,raw,finalist,map.membership_change.10000,2097152,4,287.981948,368.000005
3,raw,finalist,map.membership_change.10000,2097152,5,289.397349,368.000005
3,raw,finalist,map.membership_change.10000,2097152,6,284.779617,368.000005
3,raw,finalist,map.membership_change.10000,2097152,7,286.811314,368.000005
3,raw,finalist,map.membership_change.10000,2097152,8,287.190005,368.000005
3,raw,finalist,map.membership_change.10000,2097152,9,285.527221,368.000005
3,public,reference,map.membership_change.10000,2097152,1,480.857807,349.500005
3,public,reference,map.membership_change.10000,2097152,2,480.956601,349.500005
3,public,reference,map.membership_change.10000,2097152,3,481.621328,349.500005
3,public,reference,map.membership_change.10000,2097152,4,482.097107,349.500005
3,public,reference,map.membership_change.10000,2097152,5,485.259989,349.500005
3,public,reference,map.membership_change.10000,2097152,6,484.972475,349.500005
3,public,reference,map.membership_change.10000,2097152,7,491.845981,349.500005
3,public,reference,map.membership_change.10000,2097152,8,488.948785,349.500005
3,public,reference,map.membership_change.10000,2097152,9,485.485089,349.500005
3,public,finalist,map.membership_change.10000,4096,1,157470.465638,4495.020508
3,public,finalist,map.membership_change.10000,4096,2,159519.026056,4495.020508
3,public,finalist,map.membership_change.10000,4096,3,160435.505677,4495.020508
3,public,finalist,map.membership_change.10000,4096,4,160078.576300,4495.020508
3,public,finalist,map.membership_change.10000,4096,5,160560.593940,4495.020508
3,public,finalist,map.membership_change.10000,4096,6,160608.906299,4495.020508
3,public,finalist,map.membership_change.10000,4096,7,160156.516358,4495.020508
3,public,finalist,map.membership_change.10000,4096,8,160250.463523,4495.020508
3,public,finalist,map.membership_change.10000,4096,9,160745.345056,4495.020508
3,raw,reference,map.membership_change.100000,1048576,1,573.255420,439.500010
3,raw,reference,map.membership_change.100000,1048576,2,575.154218,439.500010
3,raw,reference,map.membership_change.100000,1048576,3,577.561423,439.500010
3,raw,reference,map.membership_change.100000,1048576,4,574.460046,439.500010
3,raw,reference,map.membership_change.100000,1048576,5,573.773377,439.500010
3,raw,reference,map.membership_change.100000,1048576,6,575.369768,439.500010
3,raw,reference,map.membership_change.100000,1048576,7,574.174010,439.500010
3,raw,reference,map.membership_change.100000,1048576,8,576.989123,439.500010
3,raw,reference,map.membership_change.100000,1048576,9,580.380402,439.500010
3,raw,finalist,map.membership_change.100000,2097152,1,325.871497,422.000005
3,raw,finalist,map.membership_change.100000,2097152,2,321.988637,422.000005
3,raw,finalist,map.membership_change.100000,2097152,3,320.326308,422.000005
3,raw,finalist,map.membership_change.100000,2097152,4,323.294216,422.000005
3,raw,finalist,map.membership_change.100000,2097152,5,326.366489,422.000005
3,raw,finalist,map.membership_change.100000,2097152,6,326.643885,422.000005
3,raw,finalist,map.membership_change.100000,2097152,7,324.656980,422.000005
3,raw,finalist,map.membership_change.100000,2097152,8,321.072093,422.000005
3,raw,finalist,map.membership_change.100000,2097152,9,321.112111,422.000005
3,public,reference,map.membership_change.100000,1048576,1,578.297659,439.500010
3,public,reference,map.membership_change.100000,1048576,2,584.482223,439.500010
3,public,reference,map.membership_change.100000,1048576,3,562.142532,439.500010
3,public,reference,map.membership_change.100000,1048576,4,561.941079,439.500010
3,public,reference,map.membership_change.100000,1048576,5,563.071126,439.500010
3,public,reference,map.membership_change.100000,1048576,6,560.993158,439.500010
3,public,reference,map.membership_change.100000,1048576,7,562.298965,439.500010
3,public,reference,map.membership_change.100000,1048576,8,569.609711,439.500010
3,public,reference,map.membership_change.100000,1048576,9,572.977115,439.500010
3,public,finalist,map.membership_change.100000,256,1,3200906.328857,4628.328125
3,public,finalist,map.membership_change.100000,256,2,3267757.594585,4628.328125
3,public,finalist,map.membership_change.100000,256,3,3191539.086401,4628.328125
3,public,finalist,map.membership_change.100000,256,4,3269800.916314,4628.328125
3,public,finalist,map.membership_change.100000,256,5,3206789.493561,4628.328125
3,public,finalist,map.membership_change.100000,256,6,3200625.069439,4628.328125
3,public,finalist,map.membership_change.100000,256,7,3260257.653892,4628.328125
3,public,finalist,map.membership_change.100000,256,8,3193761.222064,4628.328125
3,public,finalist,map.membership_change.100000,256,9,3232652.321458,4628.328125
3,raw,reference,map.child_change.10000,8388608,1,116.217024,84.000001
3,raw,reference,map.child_change.10000,8388608,2,116.731400,84.000001
3,raw,reference,map.child_change.10000,8388608,3,115.077597,84.000001
3,raw,reference,map.child_change.10000,8388608,4,114.826207,84.000001
3,raw,reference,map.child_change.10000,8388608,5,115.636453,84.000001
3,raw,reference,map.child_change.10000,8388608,6,113.713384,84.000001
3,raw,reference,map.child_change.10000,8388608,7,114.157672,84.000001
3,raw,reference,map.child_change.10000,8388608,8,113.440507,84.000001
3,raw,reference,map.child_change.10000,8388608,9,113.375904,84.000001
3,raw,finalist,map.child_change.10000,8388608,1,112.732522,89.000001
3,raw,finalist,map.child_change.10000,8388608,2,112.707852,89.000001
3,raw,finalist,map.child_change.10000,8388608,3,112.524020,89.000001
3,raw,finalist,map.child_change.10000,8388608,4,112.777570,89.000001
3,raw,finalist,map.child_change.10000,8388608,5,113.647701,89.000001
3,raw,finalist,map.child_change.10000,8388608,6,112.916098,89.000001
3,raw,finalist,map.child_change.10000,8388608,7,112.317679,89.000001
3,raw,finalist,map.child_change.10000,8388608,8,112.871760,89.000001
3,raw,finalist,map.child_change.10000,8388608,9,112.877615,89.000001
3,public,reference,map.child_change.10000,8388608,1,113.047349,84.000001
3,public,reference,map.child_change.10000,8388608,2,113.497720,84.000001
3,public,reference,map.child_change.10000,8388608,3,113.515739,84.000001
3,public,reference,map.child_change.10000,8388608,4,113.823290,84.000001
3,public,reference,map.child_change.10000,8388608,5,113.130312,84.000001
3,public,reference,map.child_change.10000,8388608,6,116.076563,84.000001
3,public,reference,map.child_change.10000,8388608,7,114.648117,84.000001
3,public,reference,map.child_change.10000,8388608,8,115.657684,84.000001
3,public,reference,map.child_change.10000,8388608,9,116.315107,84.000001
3,public,finalist,map.child_change.10000,1024,1,697509.618476,3944.082031
3,public,finalist,map.child_change.10000,1024,2,693172.914907,3944.082031
3,public,finalist,map.child_change.10000,1024,3,696530.099958,3944.082031
3,public,finalist,map.child_change.10000,1024,4,697945.477441,3944.082031
3,public,finalist,map.child_change.10000,1024,5,692858.360708,3944.082031
3,public,finalist,map.child_change.10000,1024,6,695267.692208,3944.082031
3,public,finalist,map.child_change.10000,1024,7,697219.744325,3944.082031
3,public,finalist,map.child_change.10000,1024,8,696626.957506,3944.082031
3,public,finalist,map.child_change.10000,1024,9,694114.249200,3944.082031
3,raw,reference,map.child_change.100000,4194304,1,131.727006,108.000002
3,raw,reference,map.child_change.100000,4194304,2,127.376097,108.000002
3,raw,reference,map.child_change.100000,4194304,3,129.095326,108.000002
3,raw,reference,map.child_change.100000,4194304,4,129.106752,108.000002
3,raw,reference,map.child_change.100000,4194304,5,128.499494,108.000002
3,raw,reference,map.child_change.100000,4194304,6,127.001272,108.000002
3,raw,reference,map.child_change.100000,4194304,7,127.405372,108.000002
3,raw,reference,map.child_change.100000,4194304,8,128.544571,108.000002
3,raw,reference,map.child_change.100000,4194304,9,126.562554,108.000002
3,raw,finalist,map.child_change.100000,4194304,1,129.595037,113.000002
3,raw,finalist,map.child_change.100000,4194304,2,128.745057,113.000002
3,raw,finalist,map.child_change.100000,4194304,3,129.026148,113.000002
3,raw,finalist,map.child_change.100000,4194304,4,133.059018,113.000002
3,raw,finalist,map.child_change.100000,4194304,5,134.429456,113.000002
3,raw,finalist,map.child_change.100000,4194304,6,134.157915,113.000002
3,raw,finalist,map.child_change.100000,4194304,7,132.947207,113.000002
3,raw,finalist,map.child_change.100000,4194304,8,134.420873,113.000002
3,raw,finalist,map.child_change.100000,4194304,9,135.623452,113.000002
3,public,reference,map.child_change.100000,4194304,1,127.426404,108.000002
3,public,reference,map.child_change.100000,4194304,2,130.566320,108.000002
3,public,reference,map.child_change.100000,4194304,3,130.295746,108.000002
3,public,reference,map.child_change.100000,4194304,4,132.251046,108.000002
3,public,reference,map.child_change.100000,4194304,5,131.880256,108.000002
3,public,reference,map.child_change.100000,4194304,6,131.017430,108.000002
3,public,reference,map.child_change.100000,4194304,7,129.607201,108.000002
3,public,reference,map.child_change.100000,4194304,8,129.709974,108.000002
3,public,reference,map.child_change.100000,4194304,9,129.449404,108.000002
3,public,finalist,map.child_change.100000,64,1,14696452.766657,3969.312500
3,public,finalist,map.child_change.100000,64,2,14392718.672752,3969.312500
3,public,finalist,map.child_change.100000,64,3,14465231.448412,3969.312500
3,public,finalist,map.child_change.100000,64,4,15001326.799393,3969.312500
3,public,finalist,map.child_change.100000,64,5,15314485.877752,3969.312500
3,public,finalist,map.child_change.100000,64,6,15519000.589848,3969.312500
3,public,finalist,map.child_change.100000,64,7,14941032.975912,3969.312500
3,public,finalist,map.child_change.100000,64,8,14878392.219543,3969.312500
3,public,finalist,map.child_change.100000,64,9,14937419.444323,3969.312500
