pair,name,operations,sample,wall_ns,allocated_words
1,plan.changed.depth_1,16777216,1,12.790508,9.000001
1,plan.changed.depth_1,16777216,2,12.767202,9.000001
1,plan.changed.depth_1,16777216,3,12.777377,9.000001
1,plan.changed.depth_1,16777216,4,12.803923,9.000001
1,plan.changed.depth_1,16777216,5,12.813629,9.000001
1,plan.changed.depth_1,16777216,6,12.788064,9.000001
1,plan.changed.depth_1,16777216,7,12.784952,9.000001
1,plan.changed.depth_1,16777216,8,12.784355,9.000001
1,plan.changed.depth_1,16777216,9,12.776795,9.000001
1,plan.changed.depth_10,16777216,1,37.139301,18.000001
1,plan.changed.depth_10,16777216,2,36.999523,18.000001
1,plan.changed.depth_10,16777216,3,37.120870,18.000001
1,plan.changed.depth_10,16777216,4,37.084888,18.000001
1,plan.changed.depth_10,16777216,5,37.135663,18.000001
1,plan.changed.depth_10,16777216,6,36.828212,18.000001
1,plan.changed.depth_10,16777216,7,37.033260,18.000001
1,plan.changed.depth_10,16777216,8,36.913349,18.000001
1,plan.changed.depth_10,16777216,9,37.135607,18.000001
1,plan.changed.depth_100,2097152,1,308.105427,108.000005
1,plan.changed.depth_100,2097152,2,306.608626,108.000005
1,plan.changed.depth_100,2097152,3,306.671609,108.000005
1,plan.changed.depth_100,2097152,4,306.728339,108.000005
1,plan.changed.depth_100,2097152,5,306.687298,108.000005
1,plan.changed.depth_100,2097152,6,307.268238,108.000005
1,plan.changed.depth_100,2097152,7,307.300070,108.000005
1,plan.changed.depth_100,2097152,8,307.188543,108.000005
1,plan.changed.depth_100,2097152,9,306.684001,108.000005
1,plan.cutoff.depth_10,16777216,1,13.189137,19.000001
1,plan.cutoff.depth_10,16777216,2,13.201827,19.000001
1,plan.cutoff.depth_10,16777216,3,13.183183,19.000001
1,plan.cutoff.depth_10,16777216,4,13.190686,19.000001
1,plan.cutoff.depth_10,16777216,5,13.188483,19.000001
1,plan.cutoff.depth_10,16777216,6,13.193784,19.000001
1,plan.cutoff.depth_10,16777216,7,13.185740,19.000001
1,plan.cutoff.depth_10,16777216,8,13.191169,19.000001
1,plan.cutoff.depth_10,16777216,9,13.185016,19.000001
1,incremental.raw.changed.depth_1,16777216,1,33.322564,0.000001
1,incremental.raw.changed.depth_1,16777216,2,33.297965,0.000001
1,incremental.raw.changed.depth_1,16777216,3,33.302072,0.000001
1,incremental.raw.changed.depth_1,16777216,4,33.313512,0.000001
1,incremental.raw.changed.depth_1,16777216,5,33.297184,0.000001
1,incremental.raw.changed.depth_1,16777216,6,33.297070,0.000001
1,incremental.raw.changed.depth_1,16777216,7,33.342005,0.000001
1,incremental.raw.changed.depth_1,16777216,8,33.316610,0.000001
1,incremental.raw.changed.depth_1,16777216,9,33.306478,0.000001
1,raw.changed.depth_1,16777216,1,19.802442,4.000001
1,raw.changed.depth_1,16777216,2,19.808226,4.000001
1,raw.changed.depth_1,16777216,3,19.917067,4.000001
1,raw.changed.depth_1,16777216,4,20.131353,4.000001
1,raw.changed.depth_1,16777216,5,20.141002,4.000001
1,raw.changed.depth_1,16777216,6,20.143560,4.000001
1,raw.changed.depth_1,16777216,7,20.127771,4.000001
1,raw.changed.depth_1,16777216,8,20.141897,4.000001
1,raw.changed.depth_1,16777216,9,20.176884,4.000001
1,incremental.raw.changed.depth_10,8388608,1,98.672757,0.000001
1,incremental.raw.changed.depth_10,8388608,2,96.564548,0.000001
1,incremental.raw.changed.depth_10,8388608,3,97.367064,0.000001
1,incremental.raw.changed.depth_10,8388608,4,97.166179,0.000001
1,incremental.raw.changed.depth_10,8388608,5,98.060838,0.000001
1,incremental.raw.changed.depth_10,8388608,6,98.058479,0.000001
1,incremental.raw.changed.depth_10,8388608,7,97.970599,0.000001
1,incremental.raw.changed.depth_10,8388608,8,99.802122,0.000001
1,incremental.raw.changed.depth_10,8388608,9,104.192850,0.000001
1,raw.changed.depth_10,16777216,1,51.214329,4.000001
1,raw.changed.depth_10,16777216,2,51.158239,4.000001
1,raw.changed.depth_10,16777216,3,51.730623,4.000001
1,raw.changed.depth_10,16777216,4,51.353155,4.000001
1,raw.changed.depth_10,16777216,5,51.365916,4.000001
1,raw.changed.depth_10,16777216,6,51.260642,4.000001
1,raw.changed.depth_10,16777216,7,51.183704,4.000001
1,raw.changed.depth_10,16777216,8,51.269950,4.000001
1,raw.changed.depth_10,16777216,9,51.193297,4.000001
1,incremental.raw.changed.depth_100,1048576,1,1079.095000,0.000010
1,incremental.raw.changed.depth_100,1048576,2,1064.688604,0.000010
1,incremental.raw.changed.depth_100,1048576,3,984.846110,0.000010
1,incremental.raw.changed.depth_100,1048576,4,983.701739,0.000010
1,incremental.raw.changed.depth_100,1048576,5,982.814754,0.000010
1,incremental.raw.changed.depth_100,1048576,6,982.784286,0.000010
1,incremental.raw.changed.depth_100,1048576,7,982.758593,0.000010
1,incremental.raw.changed.depth_100,1048576,8,984.693543,0.000010
1,incremental.raw.changed.depth_100,1048576,9,986.679879,0.000010
1,raw.changed.depth_100,1048576,1,519.513151,4.000010
1,raw.changed.depth_100,1048576,2,520.106369,4.000010
1,raw.changed.depth_100,1048576,3,522.026085,4.000010
1,raw.changed.depth_100,1048576,4,521.393758,4.000010
1,raw.changed.depth_100,1048576,5,519.141167,4.000010
1,raw.changed.depth_100,1048576,6,524.152711,4.000010
1,raw.changed.depth_100,1048576,7,522.840537,4.000010
1,raw.changed.depth_100,1048576,8,519.106834,4.000010
1,raw.changed.depth_100,1048576,9,519.664582,4.000010
1,incremental.raw.cutoff.depth_10,16777216,1,31.624680,0.000001
1,incremental.raw.cutoff.depth_10,16777216,2,31.422545,0.000001
1,incremental.raw.cutoff.depth_10,16777216,3,30.977546,0.000001
1,incremental.raw.cutoff.depth_10,16777216,4,30.973268,0.000001
1,incremental.raw.cutoff.depth_10,16777216,5,30.959484,0.000001
1,incremental.raw.cutoff.depth_10,16777216,6,30.984225,0.000001
1,incremental.raw.cutoff.depth_10,16777216,7,30.996020,0.000001
1,incremental.raw.cutoff.depth_10,16777216,8,31.198141,0.000001
1,incremental.raw.cutoff.depth_10,16777216,9,31.147721,0.000001
1,raw.cutoff.depth_10,16777216,1,18.454969,4.000001
1,raw.cutoff.depth_10,16777216,2,18.463382,4.000001
1,raw.cutoff.depth_10,16777216,3,18.460568,4.000001
1,raw.cutoff.depth_10,16777216,4,18.481970,4.000001
1,raw.cutoff.depth_10,16777216,5,18.471468,4.000001
1,raw.cutoff.depth_10,16777216,6,18.465101,4.000001
1,raw.cutoff.depth_10,16777216,7,18.442989,4.000001
1,raw.cutoff.depth_10,16777216,8,18.451445,4.000001
1,raw.cutoff.depth_10,16777216,9,18.436438,4.000001
1,raw.fan_in.diamond,8388608,1,61.026583,16.000001
1,raw.fan_in.diamond,8388608,2,60.450077,16.000001
1,raw.fan_in.diamond,8388608,3,60.352562,16.000001
1,raw.fan_in.diamond,8388608,4,60.161113,16.000001
1,raw.fan_in.diamond,8388608,5,60.744640,16.000001
1,raw.fan_in.diamond,8388608,6,60.732958,16.000001
1,raw.fan_in.diamond,8388608,7,60.845139,16.000001
1,raw.fan_in.diamond,8388608,8,60.837976,16.000001
1,raw.fan_in.diamond,8388608,9,60.874811,16.000001
2,plan.changed.depth_1,16777216,1,12.780902,9.000001
2,plan.changed.depth_1,16777216,2,12.770059,9.000001
2,plan.changed.depth_1,16777216,3,12.770002,9.000001
2,plan.changed.depth_1,16777216,4,12.867758,9.000001
2,plan.changed.depth_1,16777216,5,12.797059,9.000001
2,plan.changed.depth_1,16777216,6,12.915606,9.000001
2,plan.changed.depth_1,16777216,7,12.831450,9.000001
2,plan.changed.depth_1,16777216,8,12.818163,9.000001
2,plan.changed.depth_1,16777216,9,12.774350,9.000001
2,plan.changed.depth_10,16777216,1,36.599516,18.000001
2,plan.changed.depth_10,16777216,2,36.725467,18.000001
2,plan.changed.depth_10,16777216,3,36.641723,18.000001
2,plan.changed.depth_10,16777216,4,36.572644,18.000001
2,plan.changed.depth_10,16777216,5,36.625025,18.000001
2,plan.changed.depth_10,16777216,6,36.676099,18.000001
2,plan.changed.depth_10,16777216,7,36.978122,18.000001
2,plan.changed.depth_10,16777216,8,36.560124,18.000001
2,plan.changed.depth_10,16777216,9,36.669135,18.000001
2,plan.changed.depth_100,2097152,1,303.566026,108.000005
2,plan.changed.depth_100,2097152,2,303.886395,108.000005
2,plan.changed.depth_100,2097152,3,304.551577,108.000005
2,plan.changed.depth_100,2097152,4,303.938464,108.000005
2,plan.changed.depth_100,2097152,5,304.056584,108.000005
2,plan.changed.depth_100,2097152,6,303.869228,108.000005
2,plan.changed.depth_100,2097152,7,303.969387,108.000005
2,plan.changed.depth_100,2097152,8,303.536922,108.000005
2,plan.changed.depth_100,2097152,9,303.683805,108.000005
2,plan.cutoff.depth_10,16777216,1,13.113251,19.000001
2,plan.cutoff.depth_10,16777216,2,13.137225,19.000001
2,plan.cutoff.depth_10,16777216,3,13.113620,19.000001
2,plan.cutoff.depth_10,16777216,4,13.113791,19.000001
2,plan.cutoff.depth_10,16777216,5,13.141104,19.000001
2,plan.cutoff.depth_10,16777216,6,13.137281,19.000001
2,plan.cutoff.depth_10,16777216,7,13.117671,19.000001
2,plan.cutoff.depth_10,16777216,8,13.143719,19.000001
2,plan.cutoff.depth_10,16777216,9,13.141701,19.000001
2,incremental.raw.changed.depth_1,16777216,1,32.847467,0.000001
2,incremental.raw.changed.depth_1,16777216,2,32.827316,0.000001
2,incremental.raw.changed.depth_1,16777216,3,32.690409,0.000001
2,incremental.raw.changed.depth_1,16777216,4,31.873469,0.000001
2,incremental.raw.changed.depth_1,16777216,5,32.221138,0.000001
2,incremental.raw.changed.depth_1,16777216,6,32.210636,0.000001
2,incremental.raw.changed.depth_1,16777216,7,31.950648,0.000001
2,incremental.raw.changed.depth_1,16777216,8,31.733336,0.000001
2,incremental.raw.changed.depth_1,16777216,9,31.711167,0.000001
2,raw.changed.depth_1,16777216,1,19.757692,4.000001
2,raw.changed.depth_1,16777216,2,19.990139,4.000001
2,raw.changed.depth_1,16777216,3,19.952054,4.000001
2,raw.changed.depth_1,16777216,4,19.942220,4.000001
2,raw.changed.depth_1,16777216,5,19.942888,4.000001
2,raw.changed.depth_1,16777216,6,19.616010,4.000001
2,raw.changed.depth_1,16777216,7,19.330372,4.000001
2,raw.changed.depth_1,16777216,8,19.325682,4.000001
2,raw.changed.depth_1,16777216,9,19.332958,4.000001
2,incremental.raw.changed.depth_10,8388608,1,100.064767,0.000001
2,incremental.raw.changed.depth_10,8388608,2,97.052435,0.000001
2,incremental.raw.changed.depth_10,8388608,3,96.797123,0.000001
2,incremental.raw.changed.depth_10,8388608,4,99.932294,0.000001
2,incremental.raw.changed.depth_10,8388608,5,100.656280,0.000001
2,incremental.raw.changed.depth_10,8388608,6,96.787716,0.000001
2,incremental.raw.changed.depth_10,8388608,7,96.605788,0.000001
2,incremental.raw.changed.depth_10,8388608,8,96.710664,0.000001
2,incremental.raw.changed.depth_10,8388608,9,96.769696,0.000001
2,raw.changed.depth_10,16777216,1,51.213149,4.000001
2,raw.changed.depth_10,16777216,2,51.105260,4.000001
2,raw.changed.depth_10,16777216,3,51.117482,4.000001
2,raw.changed.depth_10,16777216,4,51.104237,4.000001
2,raw.changed.depth_10,16777216,5,51.086303,4.000001
2,raw.changed.depth_10,16777216,6,51.146628,4.000001
2,raw.changed.depth_10,16777216,7,52.447746,4.000001
2,raw.changed.depth_10,16777216,8,52.729490,4.000001
2,raw.changed.depth_10,16777216,9,52.694332,4.000001
2,incremental.raw.changed.depth_100,1048576,1,1048.524837,0.000010
2,incremental.raw.changed.depth_100,1048576,2,1047.725618,0.000010
2,incremental.raw.changed.depth_100,1048576,3,1004.330670,0.000010
2,incremental.raw.changed.depth_100,1048576,4,981.801122,0.000010
2,incremental.raw.changed.depth_100,1048576,5,980.502136,0.000010
2,incremental.raw.changed.depth_100,1048576,6,981.467338,0.000010
2,incremental.raw.changed.depth_100,1048576,7,980.647883,0.000010
2,incremental.raw.changed.depth_100,1048576,8,981.293624,0.000010
2,incremental.raw.changed.depth_100,1048576,9,981.224957,0.000010
2,raw.changed.depth_100,1048576,1,523.195240,4.000010
2,raw.changed.depth_100,1048576,2,522.485607,4.000010
2,raw.changed.depth_100,1048576,3,522.378969,4.000010
2,raw.changed.depth_100,1048576,4,522.689788,4.000010
2,raw.changed.depth_100,1048576,5,520.064305,4.000010
2,raw.changed.depth_100,1048576,6,520.352387,4.000010
2,raw.changed.depth_100,1048576,7,521.007678,4.000010
2,raw.changed.depth_100,1048576,8,521.473794,4.000010
2,raw.changed.depth_100,1048576,9,521.666379,4.000010
2,incremental.raw.cutoff.depth_10,16777216,1,31.136977,0.000001
2,incremental.raw.cutoff.depth_10,16777216,2,30.890178,0.000001
2,incremental.raw.cutoff.depth_10,16777216,3,30.878667,0.000001
2,incremental.raw.cutoff.depth_10,16777216,4,30.886653,0.000001
2,incremental.raw.cutoff.depth_10,16777216,5,30.912105,0.000001
2,incremental.raw.cutoff.depth_10,16777216,6,30.889154,0.000001
2,incremental.raw.cutoff.depth_10,16777216,7,30.879136,0.000001
2,incremental.raw.cutoff.depth_10,16777216,8,30.891002,0.000001
2,incremental.raw.cutoff.depth_10,16777216,9,30.932540,0.000001
2,raw.cutoff.depth_10,16777216,1,18.844958,4.000001
2,raw.cutoff.depth_10,16777216,2,18.865052,4.000001
2,raw.cutoff.depth_10,16777216,3,18.858017,4.000001
2,raw.cutoff.depth_10,16777216,4,18.851750,4.000001
2,raw.cutoff.depth_10,16777216,5,18.851878,4.000001
2,raw.cutoff.depth_10,16777216,6,18.854507,4.000001
2,raw.cutoff.depth_10,16777216,7,18.853655,4.000001
2,raw.cutoff.depth_10,16777216,8,18.890802,4.000001
2,raw.cutoff.depth_10,16777216,9,18.866061,4.000001
2,raw.fan_in.diamond,8388608,1,64.592115,16.000001
2,raw.fan_in.diamond,8388608,2,64.748406,16.000001
2,raw.fan_in.diamond,8388608,3,64.807892,16.000001
2,raw.fan_in.diamond,8388608,4,64.821734,16.000001
2,raw.fan_in.diamond,8388608,5,65.090887,16.000001
2,raw.fan_in.diamond,8388608,6,62.902700,16.000001
2,raw.fan_in.diamond,8388608,7,60.395848,16.000001
2,raw.fan_in.diamond,8388608,8,60.425890,16.000001
2,raw.fan_in.diamond,8388608,9,60.588007,16.000001
3,plan.changed.depth_1,16777216,1,12.728805,9.000001
3,plan.changed.depth_1,16777216,2,12.730297,9.000001
3,plan.changed.depth_1,16777216,3,12.748288,9.000001
3,plan.changed.depth_1,16777216,4,12.740799,9.000001
3,plan.changed.depth_1,16777216,5,12.742461,9.000001
3,plan.changed.depth_1,16777216,6,12.733821,9.000001
3,plan.changed.depth_1,16777216,7,12.726133,9.000001
3,plan.changed.depth_1,16777216,8,12.737033,9.000001
3,plan.changed.depth_1,16777216,9,12.754086,9.000001
3,plan.changed.depth_10,16777216,1,37.063359,18.000001
3,plan.changed.depth_10,16777216,2,37.252008,18.000001
3,plan.changed.depth_10,16777216,3,37.001072,18.000001
3,plan.changed.depth_10,16777216,4,37.007752,18.000001
3,plan.changed.depth_10,16777216,5,36.985043,18.000001
3,plan.changed.depth_10,16777216,6,37.080397,18.000001
3,plan.changed.depth_10,16777216,7,36.910834,18.000001
3,plan.changed.depth_10,16777216,8,36.816118,18.000001
3,plan.changed.depth_10,16777216,9,37.092448,18.000001
3,plan.changed.depth_100,2097152,1,306.853281,108.000005
3,plan.changed.depth_100,2097152,2,306.300649,108.000005
3,plan.changed.depth_100,2097152,3,306.849415,108.000005
3,plan.changed.depth_100,2097152,4,306.450829,108.000005
3,plan.changed.depth_100,2097152,5,306.163315,108.000005
3,plan.changed.depth_100,2097152,6,306.496190,108.000005
3,plan.changed.depth_100,2097152,7,306.311563,108.000005
3,plan.changed.depth_100,2097152,8,305.954018,108.000005
3,plan.changed.depth_100,2097152,9,306.284846,108.000005
3,plan.cutoff.depth_10,16777216,1,13.153851,19.000001
3,plan.cutoff.depth_10,16777216,2,13.194978,19.000001
3,plan.cutoff.depth_10,16777216,3,13.178763,19.000001
3,plan.cutoff.depth_10,16777216,4,13.152302,19.000001
3,plan.cutoff.depth_10,16777216,5,13.170123,19.000001
3,plan.cutoff.depth_10,16777216,6,13.151535,19.000001
3,plan.cutoff.depth_10,16777216,7,13.142412,19.000001
3,plan.cutoff.depth_10,16777216,8,13.156296,19.000001
3,plan.cutoff.depth_10,16777216,9,13.186039,19.000001
3,incremental.raw.changed.depth_1,16777216,1,33.336875,0.000001
3,incremental.raw.changed.depth_1,16777216,2,33.289481,0.000001
3,incremental.raw.changed.depth_1,16777216,3,32.146872,0.000001
3,incremental.raw.changed.depth_1,16777216,4,32.229963,0.000001
3,incremental.raw.changed.depth_1,16777216,5,32.229892,0.000001
3,incremental.raw.changed.depth_1,16777216,6,32.232165,0.000001
3,incremental.raw.changed.depth_1,16777216,7,32.259337,0.000001
3,incremental.raw.changed.depth_1,16777216,8,32.335279,0.000001
3,incremental.raw.changed.depth_1,16777216,9,32.209527,0.000001
3,raw.changed.depth_1,16777216,1,19.768237,4.000001
3,raw.changed.depth_1,16777216,2,19.767526,4.000001
3,raw.changed.depth_1,16777216,3,19.778426,4.000001
3,raw.changed.depth_1,16777216,4,19.912122,4.000001
3,raw.changed.depth_1,16777216,5,19.806734,4.000001
3,raw.changed.depth_1,16777216,6,19.797852,4.000001
3,raw.changed.depth_1,16777216,7,19.797028,4.000001
3,raw.changed.depth_1,16777216,8,19.779392,4.000001
3,raw.changed.depth_1,16777216,9,19.779506,4.000001
3,incremental.raw.changed.depth_10,8388608,1,102.398502,0.000001
3,incremental.raw.changed.depth_10,8388608,2,102.336429,0.000001
3,incremental.raw.changed.depth_10,8388608,3,98.343605,0.000001
3,incremental.raw.changed.depth_10,8388608,4,97.385907,0.000001
3,incremental.raw.changed.depth_10,8388608,5,97.468956,0.000001
3,incremental.raw.changed.depth_10,8388608,6,102.965970,0.000001
3,incremental.raw.changed.depth_10,8388608,7,102.541804,0.000001
3,incremental.raw.changed.depth_10,8388608,8,102.511308,0.000001
3,incremental.raw.changed.depth_10,8388608,9,102.404726,0.000001
3,raw.changed.depth_10,16777216,1,51.182496,4.000001
3,raw.changed.depth_10,16777216,2,51.171355,4.000001
3,raw.changed.depth_10,16777216,3,51.222443,4.000001
3,raw.changed.depth_10,16777216,4,51.213320,4.000001
3,raw.changed.depth_10,16777216,5,51.228056,4.000001
3,raw.changed.depth_10,16777216,6,51.227033,4.000001
3,raw.changed.depth_10,16777216,7,51.235617,4.000001
3,raw.changed.depth_10,16777216,8,51.249984,4.000001
3,raw.changed.depth_10,16777216,9,51.091845,4.000001
3,incremental.raw.changed.depth_100,524288,1,1056.665496,0.000019
3,incremental.raw.changed.depth_100,524288,2,1046.031684,0.000019
3,incremental.raw.changed.depth_100,524288,3,982.595338,0.000019
3,incremental.raw.changed.depth_100,524288,4,983.776317,0.000019
3,incremental.raw.changed.depth_100,524288,5,981.775429,0.000019
3,incremental.raw.changed.depth_100,524288,6,984.514372,0.000019
3,incremental.raw.changed.depth_100,524288,7,983.791324,0.000019
3,incremental.raw.changed.depth_100,524288,8,983.049631,0.000019
3,incremental.raw.changed.depth_100,524288,9,983.364316,0.000019
3,raw.changed.depth_100,1048576,1,520.603180,4.000010
3,raw.changed.depth_100,1048576,2,521.301217,4.000010
3,raw.changed.depth_100,1048576,3,521.083848,4.000010
3,raw.changed.depth_100,1048576,4,522.177743,4.000010
3,raw.changed.depth_100,1048576,5,522.154778,4.000010
3,raw.changed.depth_100,1048576,6,521.328047,4.000010
3,raw.changed.depth_100,1048576,7,522.265282,4.000010
3,raw.changed.depth_100,1048576,8,521.597940,4.000010
3,raw.changed.depth_100,1048576,9,519.386276,4.000010
3,incremental.raw.cutoff.depth_10,16777216,1,31.912506,0.000001
3,incremental.raw.cutoff.depth_10,16777216,2,31.883658,0.000001
3,incremental.raw.cutoff.depth_10,16777216,3,31.848671,0.000001
3,incremental.raw.cutoff.depth_10,16777216,4,31.380836,0.000001
3,incremental.raw.cutoff.depth_10,16777216,5,30.926643,0.000001
3,incremental.raw.cutoff.depth_10,16777216,6,31.006394,0.000001
3,incremental.raw.cutoff.depth_10,16777216,7,30.930821,0.000001
3,incremental.raw.cutoff.depth_10,16777216,8,30.733815,0.000001
3,incremental.raw.cutoff.depth_10,16777216,9,30.458096,0.000001
3,raw.cutoff.depth_10,16777216,1,18.448532,4.000001
3,raw.cutoff.depth_10,16777216,2,18.449597,4.000001
3,raw.cutoff.depth_10,16777216,3,18.442094,4.000001
3,raw.cutoff.depth_10,16777216,4,18.439948,4.000001
3,raw.cutoff.depth_10,16777216,5,18.455083,4.000001
3,raw.cutoff.depth_10,16777216,6,18.456163,4.000001
3,raw.cutoff.depth_10,16777216,7,18.460625,4.000001
3,raw.cutoff.depth_10,16777216,8,18.466537,4.000001
3,raw.cutoff.depth_10,16777216,9,18.463723,4.000001
3,raw.fan_in.diamond,8388608,1,61.405075,16.000001
3,raw.fan_in.diamond,8388608,2,61.872242,16.000001
3,raw.fan_in.diamond,8388608,3,61.974532,16.000001
3,raw.fan_in.diamond,8388608,4,62.178628,16.000001
3,raw.fan_in.diamond,8388608,5,62.159899,16.000001
3,raw.fan_in.diamond,8388608,6,60.668953,16.000001
3,raw.fan_in.diamond,8388608,7,60.779684,16.000001
3,raw.fan_in.diamond,8388608,8,60.661336,16.000001
3,raw.fan_in.diamond,8388608,9,60.965306,16.000001
